batch_sizes,A_c,invalid
4,0.5,1.0
4,0.625,0.75
4,0.375,0.75
8,0.4375,0.875
20,0.475,0.95
220,0.4772727272727273,0.8727272727272727
4,0.5,1.0
1,1.0,0.0
8,0.5,1.0
189,0.42592592592592593,0.8201058201058201
115,0.45652173913043476,0.6869565217391305
12,0.5416666666666666,0.9166666666666666
4,0.375,0.75
12,0.5,1.0
8,0.5,1.0
4,0.5,1.0
17,0.4411764705882353,0.5294117647058824
72,0.4791666666666667,0.9027777777777778
4,0.5,1.0
227,0.5044052863436124,0.9030837004405287
14,0.5714285714285714,0.8571428571428571
16,0.46875,0.8125
199,0.5125628140703518,0.8743718592964824
36,0.4583333333333333,0.9166666666666666
16,0.46875,0.9375
39,0.44871794871794873,0.8461538461538461
4,0.5,1.0
20,0.5,0.9
8,0.5,1.0
16,0.5625,0.875
8,0.5,1.0
12,0.4583333333333333,0.9166666666666666
2,0.25,0.5
8,0.5,1.0
16,0.53125,0.9375
12,0.5,1.0
4,0.375,0.75
4,0.375,0.75
8,0.5625,0.875
16,0.46875,0.9375
12,0.375,0.75
4,0.625,0.75
4,0.625,0.75
92,0.4782608695652174,0.9130434782608695
8,0.4375,0.875
12,0.5833333333333334,0.8333333333333334
4,0.5,1.0
4,0.375,0.75
316,0.49683544303797467,0.9240506329113924
31,0.5483870967741935,0.9032258064516129
23,0.5,0.8260869565217391
40,0.475,0.85
4,0.5,1.0
4,0.5,1.0
8,0.4375,0.875
260,0.5057692307692307,0.8961538461538462
8,0.4375,0.875
80,0.43125,0.8625
240,0.5270833333333333,0.8958333333333334
8,0.5,1.0
4,0.375,0.75
8,0.5,1.0
8,0.5625,0.875
4,0.5,1.0
188,0.5026595744680851,0.9308510638297872
3,0.6666666666666666,0.6666666666666666
8,0.5,1.0
4,0.5,1.0
4,0.375,0.75
357,0.5042016806722689,0.9019607843137255
8,0.5625,0.875
3,0.3333333333333333,0.6666666666666666
8,0.5625,0.875
31,0.5161290322580645,0.9032258064516129
20,0.5,0.9
16,0.5,0.875
29,0.4827586206896552,0.8275862068965517
4,0.5,1.0
16,0.46875,0.9375
83,0.5120481927710844,0.8795180722891566
16,0.59375,0.8125
4,0.5,1.0
156,0.5256410256410257,0.8846153846153846
40,0.5,0.9
28,0.5178571428571429,0.9642857142857143
4,0.5,1.0
14,0.42857142857142855,0.8571428571428571
4,0.5,1.0
8,0.5,0.75
4,0.625,0.75
43,0.4418604651162791,0.8837209302325582
360,0.49722222222222223,0.8777777777777778
188,0.4946808510638298,0.8936170212765957
12,0.5,1.0
8,0.4375,0.875
4,0.5,1.0
239,0.5418410041841004,0.8577405857740585
4,0.5,1.0
4,0.5,1.0
16,0.5,1.0
4,0.5,1.0
8,0.5625,0.875
12,0.5,0.8333333333333334
28,0.48214285714285715,0.8928571428571429
4,0.5,1.0
4,0.375,0.75
247,0.4959514170040486,0.8704453441295547
4,0.5,1.0
83,0.5120481927710844,0.9518072289156626
336,0.5044642857142857,0.8779761904761905
12,0.5416666666666666,0.9166666666666666
8,0.5,1.0
16,0.46875,0.9375
84,0.48214285714285715,0.9166666666666666
32,0.53125,0.9375
28,0.5,0.8571428571428571
4,0.5,1.0
16,0.5,0.875
93,0.46774193548387094,0.6129032258064516
8,0.4375,0.875
20,0.425,0.85
4,0.5,1.0
4,0.5,1.0
4,0.5,1.0
252,0.5,0.8571428571428571
40,0.475,0.9
4,0.375,0.75
4,0.625,0.75
4,0.5,1.0
421,0.505938242280285,0.8788598574821853
11,0.5,1.0
4,0.5,1.0
8,0.5625,0.875
4,0.5,1.0
4,0.375,0.75
4,0.375,0.75
63,0.5158730158730159,0.9682539682539683
4,0.375,0.75
8,0.625,0.75
20,0.525,0.85
28,0.5178571428571429,0.9642857142857143
102,0.47549019607843135,0.5980392156862745
32,0.5,0.9375
16,0.5,1.0
4,0.625,0.75
120,0.4708333333333333,0.9083333333333333
4,0.375,0.75
396,0.5075757575757576,0.9040404040404041
4,0.5,1.0
88,0.48295454545454547,0.9431818181818182
227,0.486784140969163,0.8502202643171806
4,0.5,1.0
4,0.375,0.75
12,0.4583333333333333,0.9166666666666666
12,0.4583333333333333,0.9166666666666666
28,0.5178571428571429,0.9642857142857143
359,0.5013927576601671,0.9080779944289693
4,0.5,1.0
4,0.5,1.0
28,0.5,1.0
12,0.5,0.8333333333333334
8,0.4375,0.875
4,0.5,1.0
136,0.46691176470588236,0.8602941176470589
28,0.5,1.0
3,0.5,1.0
4,0.5,1.0
4,0.5,1.0
3,0.5,1.0
11,0.45454545454545453,0.9090909090909091
4,0.5,1.0
75,0.5666666666666667,0.68
4,0.5,1.0
19,0.5,1.0
268,0.4962686567164179,0.8805970149253731
4,0.375,0.75
4,0.5,1.0
419,0.535799522673031,0.8902147971360382
68,0.47794117647058826,0.8970588235294118
12,0.5,1.0
4,0.625,0.75
8,0.5,0.75
4,0.625,0.75
24,0.5,0.9166666666666666
4,0.5,1.0
4,0.5,1.0
355,0.5014084507042254,0.9070422535211268
6,0.5,1.0
115,0.5,0.9478260869565217
8,0.5,1.0
88,0.44886363636363635,0.8977272727272727
36,0.4861111111111111,0.9722222222222222
448,0.5111607142857143,0.9107142857142857
12,0.5,0.8333333333333334
12,0.4583333333333333,0.9166666666666666
4,0.5,1.0
88,0.48295454545454547,0.9204545454545454
1,0.5,1.0
32,0.484375,0.90625
4,0.5,1.0
260,0.5057692307692307,0.9038461538461539
4,0.5,1.0
16,0.4375,0.75
4,0.375,0.75
36,0.5277777777777778,0.9444444444444444
20,0.5,1.0
64,0.4921875,0.890625
4,0.5,1.0
4,0.5,1.0
12,0.4583333333333333,0.75
4,0.375,0.75
4,0.5,1.0
4,0.375,0.75
4,0.5,1.0
4,0.5,1.0
4,0.375,0.75
4,0.5,1.0
272,0.48713235294117646,0.9080882352941176
4,0.375,0.75
32,0.53125,0.875
340,0.49264705882352944,0.8794117647058823
8,0.5625,0.875
8,0.5,1.0
4,0.5,1.0
4,0.5,1.0
4,0.625,0.75
24,0.4583333333333333,0.9166666666666666
4,0.5,1.0
416,0.47836538461538464,0.9086538461538461
68,0.5147058823529411,0.9705882352941176
4,0.5,1.0
76,0.48026315789473684,0.9605263157894737
4,0.5,1.0
4,0.5,1.0
20,0.5,1.0
7,0.35714285714285715,0.42857142857142855
20,0.5,0.9
12,0.4583333333333333,0.9166666666666666
12,0.5,1.0
4,0.375,0.75
389,0.525706940874036,0.9023136246786633
4,0.625,0.75
40,0.5,0.85
20,0.475,0.85
8,0.5,1.0
12,0.5,1.0
28,0.4642857142857143,0.9285714285714286
44,0.5,0.9090909090909091
4,0.5,1.0
44,0.4659090909090909,0.9318181818181818
4,0.375,0.75
316,0.5,0.8860759493670886
12,0.5,1.0
4,0.625,0.75
209,0.5167464114832536,0.8899521531100478
12,0.5,1.0
4,0.5,1.0
7,0.5,1.0
52,0.5288461538461539,0.9038461538461539
9,0.5,0.7777777777777778
12,0.5,1.0
8,0.5,1.0
4,0.5,1.0
294,0.4914965986394558,0.8877551020408163
50,0.48,0.92
4,0.625,0.75
36,0.5138888888888888,0.9722222222222222
5,0.6,0.8
365,0.5136986301369864,0.9123287671232877
8,0.5,0.75
8,0.5,1.0
3,0.6666666666666666,0.6666666666666666
39,0.47435897435897434,0.9487179487179487
4,0.375,0.75
63,0.48412698412698413,0.9047619047619048
4,0.375,0.75
28,0.5714285714285714,0.8571428571428571
4,0.5,1.0
12,0.5833333333333334,0.8333333333333334
103,0.3932038834951456,0.5922330097087378
4,0.5,1.0
4,0.625,0.75
89,0.46629213483146065,0.9101123595505618
19,0.5263157894736842,0.9473684210526315
36,0.5,0.9444444444444444
4,0.5,1.0
4,0.5,1.0
4,0.5,1.0
4,0.5,1.0
4,0.625,0.75
4,0.5,1.0
336,0.5252976190476191,0.8660714285714286
46,0.4673913043478261,0.9347826086956522
4,0.375,0.75
4,0.5,1.0
8,0.4375,0.875
4,0.5,1.0
16,0.5,1.0
12,0.4166666666666667,0.8333333333333334
4,0.5,1.0
341,0.4780058651026393,0.8856304985337243
4,0.5,1.0
4,0.5,1.0
4,0.5,1.0
184,0.48097826086956524,0.8858695652173914
24,0.4583333333333333,0.9166666666666666
28,0.5178571428571429,0.9642857142857143
19,0.47368421052631576,0.9473684210526315
4,0.5,1.0
12,0.5,1.0
8,0.5,1.0
40,0.475,0.9
64,0.4609375,0.921875
8,0.5,1.0
8,0.625,0.75
133,0.5112781954887218,0.9323308270676691
4,0.5,1.0
4,0.375,0.75
28,0.4642857142857143,0.9285714285714286
148,0.4966216216216216,0.8851351351351351
4,0.625,0.75
254,0.484251968503937,0.8582677165354331
4,0.5,1.0
16,0.46875,0.9375
36,0.5,0.9444444444444444
303,0.4735973597359736,0.8679867986798679
108,0.4212962962962963,0.6388888888888888
16,0.46875,0.8125
128,0.5078125,0.9375
4,0.5,1.0
20,0.5,1.0
48,0.4895833333333333,0.9375
4,0.5,1.0
8,0.5625,0.875
3,0.5,1.0
4,0.5,1.0
4,0.5,1.0
316,0.5015822784810127,0.8829113924050633
4,0.5,1.0
4,0.375,0.75
4,0.5,1.0
4,0.5,1.0
8,0.5625,0.875
4,0.5,1.0
74,0.47297297297297297,0.5675675675675675
8,0.625,0.75
8,0.4375,0.875
12,0.5,0.8333333333333334
8,0.4375,0.875
209,0.5143540669856459,0.8947368421052632
100,0.465,0.91
4,0.375,0.75
8,0.4375,0.875
56,0.5,0.8571428571428571
24,0.4791666666666667,0.9583333333333334
8,0.4375,0.875
8,0.5,1.0
4,0.5,1.0
28,0.5714285714285714,0.8571428571428571
4,0.625,0.75
16,0.46875,0.9375
316,0.5031645569620253,0.8860759493670886
20,0.475,0.95
12,0.5416666666666666,0.9166666666666666
8,0.5,1.0
8,0.5,1.0
52,0.4807692307692308,0.9230769230769231
240,0.4708333333333333,0.8666666666666667
122,0.44672131147540983,0.8934426229508197
32,0.484375,0.96875
36,0.5138888888888888,0.9722222222222222
4,0.5,1.0
16,0.46875,0.9375
28,0.4642857142857143,0.8571428571428571
2,0.75,0.5
24,0.5208333333333334,0.875
4,0.375,0.75
8,0.5,1.0
8,0.5,1.0
453,0.4977924944812362,0.9072847682119205
47,0.5319148936170213,0.8936170212765957
4,0.375,0.75
408,0.49754901960784315,0.9215686274509803
4,0.5,1.0
83,0.4457831325301205,0.5783132530120482
9,0.5,1.0
4,0.5,1.0
4,0.5,1.0
4,0.5,1.0
148,0.48986486486486486,0.9256756756756757
6,0.5,1.0
20,0.5,0.9
4,0.5,1.0
16,0.5,0.875
8,0.4375,0.875
4,0.375,0.75
19,0.5263157894736842,0.9473684210526315
4,0.5,1.0
240,0.5041666666666667,0.875
4,0.5,1.0
360,0.4847222222222222,0.9083333333333333
8,0.5,1.0
260,0.5,0.8769230769230769
4,0.375,0.75
4,0.375,0.75
411,0.47566909975669097,0.9075425790754258
36,0.4444444444444444,0.8333333333333334
4,0.375,0.75
123,0.508130081300813,0.9024390243902439
108,0.5,0.9259259259259259
36,0.5416666666666666,0.8055555555555556
4,0.375,0.75
28,0.5357142857142857,0.9285714285714286
40,0.5,0.95
20,0.55,0.9
8,0.5,1.0
12,0.5,1.0
52,0.5096153846153846,0.9423076923076923
84,0.5059523809523809,0.9404761904761905
4,0.625,0.75
4,0.375,0.75
27,0.46296296296296297,0.6296296296296297
4,0.375,0.75
4,0.5,1.0
8,0.5,0.75
229,0.4890829694323144,0.8384279475982532
4,0.5,1.0
28,0.48214285714285715,0.8928571428571429
8,0.4375,0.875
341,0.4780058651026393,0.9032258064516129
4,0.375,0.75
20,0.45,0.9
126,0.5357142857142857,0.9126984126984127
28,0.48214285714285715,0.9642857142857143
4,0.5,1.0
20,0.55,0.8
4,0.5,1.0
12,0.4583333333333333,0.9166666666666666
12,0.4583333333333333,0.9166666666666666
4,0.5,1.0
20,0.525,0.85
4,0.5,1.0
4,0.625,0.75
4,0.5,1.0
12,0.5,1.0
4,0.375,0.75
32,0.5,0.9375
12,0.5,1.0
2,0.75,0.5
4,0.5,1.0
4,0.5,1.0
4,0.375,0.75
32,0.46875,0.875
8,0.625,0.75
4,0.5,1.0
4,0.625,0.75
27,0.5185185185185185,0.9629629629629629
4,0.5,1.0
98,0.5408163265306123,0.8979591836734694
4,0.5,1.0
105,0.48095238095238096,0.8666666666666667
4,0.5,1.0
28,0.5,0.9285714285714286
379,0.5065963060686016,0.8918205804749341
40,0.4625,0.925
4,0.5,1.0
4,0.625,0.75
128,0.515625,0.9375
12,0.5833333333333334,0.8333333333333334
28,0.5357142857142857,0.9285714285714286
63,0.48412698412698413,0.873015873015873
44,0.5,0.9545454545454546
20,0.525,0.95
16,0.53125,0.9375
4,0.5,1.0
40,0.5,1.0
108,0.4722222222222222,0.9259259259259259
148,0.48986486486486486,0.8851351351351351
20,0.525,0.95
8,0.5625,0.875
11,0.45454545454545453,0.9090909090909091
4,0.625,0.75
8,0.5,1.0
446,0.5067264573991032,0.9147982062780269
4,0.5,1.0
292,0.5017123287671232,0.9212328767123288
8,0.5,1.0
16,0.4375,0.875
316,0.5110759493670886,0.9145569620253164
2,0.5,1.0
4,0.5,1.0
3,0.5,1.0
64,0.515625,0.9375
20,0.575,0.85
56,0.44642857142857145,0.8571428571428571
88,0.4943181818181818,0.9659090909090909
4,0.375,0.75
8,0.5625,0.875
26,0.5384615384615384,0.8461538461538461
12,0.4583333333333333,0.9166666666666666
12,0.5,1.0
4,0.5,1.0
4,0.375,0.75
4,0.5,1.0
48,0.4791666666666667,0.9166666666666666
64,0.515625,0.90625
28,0.44642857142857145,0.8928571428571429
8,0.5,1.0
4,0.5,1.0
151,0.40728476821192056,0.5894039735099338
8,0.5,1.0
264,0.4962121212121212,0.9090909090909091
4,0.5,1.0
8,0.5,1.0
4,0.5,1.0
12,0.5,1.0
267,0.5131086142322098,0.8689138576779026
12,0.4583333333333333,0.9166666666666666
4,0.375,0.75
279,0.496415770609319,0.8637992831541219
4,0.375,0.75
136,0.4742647058823529,0.9044117647058824
104,0.44711538461538464,0.875
4,0.375,0.75
315,0.49682539682539684,0.9047619047619048
12,0.5,1.0
12,0.5,1.0
56,0.49107142857142855,0.9107142857142857
4,0.625,0.75
24,0.5,1.0
4,0.5,1.0
8,0.5625,0.875
20,0.5,1.0
16,0.5,1.0
12,0.5416666666666666,0.9166666666666666
4,0.5,1.0
4,0.375,0.75
8,0.5625,0.875
59,0.5169491525423728,0.8983050847457628
4,0.5,1.0
4,0.375,0.75
34,0.5441176470588235,0.9117647058823529
4,0.375,0.75
4,0.5,1.0
4,0.625,0.75
12,0.4583333333333333,0.9166666666666666
20,0.475,0.85
4,0.5,1.0
8,0.4375,0.875
4,0.5,1.0
28,0.44642857142857145,0.8214285714285714
4,0.5,1.0
344,0.5145348837209303,0.8895348837209303
4,0.5,1.0
372,0.5161290322580645,0.9086021505376344
16,0.46875,0.9375
8,0.5,0.75
12,0.5416666666666666,0.9166666666666666
7,0.5714285714285714,0.8571428571428571
8,0.4375,0.875
8,0.5,0.75
4,0.375,0.75
4,0.5,1.0
4,0.5,1.0
4,0.375,0.75
115,0.508695652173913,0.9130434782608695
4,0.5,1.0
12,0.5,1.0
8,0.5,1.0
8,0.5,1.0
8,0.5,1.0
324,0.5046296296296297,0.8919753086419753
1,0.5,1.0
8,0.4375,0.875
8,0.375,0.75
285,0.5,0.9087719298245615
4,0.5,1.0
4,0.375,0.75
232,0.5086206896551724,0.9051724137931034
28,0.5,0.8571428571428571
255,0.5294117647058824,0.8705882352941177
4,0.5,1.0
4,0.5,1.0
4,0.5,1.0
4,0.5,1.0
8,0.4375,0.875
83,0.5301204819277109,0.8674698795180723
20,0.525,0.95
8,0.5,1.0
44,0.5227272727272727,0.9545454545454546
16,0.46875,0.8125
4,0.625,0.75
40,0.475,0.9
20,0.5,1.0
137,0.49635036496350365,0.9051094890510949
452,0.4889380530973451,0.8805309734513275
8,0.5625,0.875
28,0.5178571428571429,0.9642857142857143
4,0.5,1.0
4,0.5,1.0
4,0.5,1.0
4,0.5,1.0
8,0.5,1.0
452,0.4823008849557522,0.911504424778761
4,0.5,1.0
4,0.5,1.0
467,0.5042826552462527,0.9014989293361885
4,0.5,1.0
472,0.5074152542372882,0.913135593220339
8,0.5625,0.875
8,0.4375,0.875
23,0.43478260869565216,0.8695652173913043
4,0.5,1.0
480,0.515625,0.89375
15,0.5333333333333333,0.8
8,0.4375,0.875
271,0.4944649446494465,0.8929889298892989
2,0.25,0.5
8,0.4375,0.875
4,0.5,1.0
4,0.5,1.0
8,0.5625,0.875
4,0.5,1.0
7,0.5,0.7142857142857143
28,0.5,0.9285714285714286
4,0.5,1.0
248,0.5080645161290323,0.8870967741935484
13,0.46153846153846156,0.9230769230769231
40,0.5,0.95
124,0.5120967741935484,0.9435483870967742
4,0.5,1.0
36,0.5138888888888888,0.9166666666666666
28,0.48214285714285715,0.8928571428571429
4,0.375,0.75
52,0.5288461538461539,0.9038461538461539
4,0.375,0.75
1,1.0,0.0
8,0.4375,0.875
4,0.5,1.0
4,0.375,0.75
16,0.5,0.875
332,0.5,0.9096385542168675
8,0.5,1.0
4,0.5,1.0
4,0.5,1.0
4,0.5,1.0
16,0.46875,0.8125
4,0.5,1.0
4,0.375,0.75
4,0.5,1.0
48,0.5104166666666666,0.9791666666666666
72,0.4861111111111111,0.9444444444444444
4,0.5,1.0
4,0.625,0.75
332,0.5210843373493976,0.8614457831325302
16,0.5,1.0
8,0.5625,0.875
16,0.46875,0.9375
159,0.5314465408805031,0.8867924528301887
4,0.375,0.75
8,0.4375,0.875
59,0.5508474576271186,0.8983050847457628
256,0.498046875,0.90234375
4,0.5,1.0
4,0.5,1.0
4,0.625,0.75
44,0.5113636363636364,0.8863636363636364
8,0.375,0.75
4,0.625,0.75
6,0.5833333333333334,0.8333333333333334
4,0.375,0.75
8,0.5,1.0
4,0.5,1.0
4,0.5,1.0
1,0.5,1.0
12,0.5,1.0
326,0.5122699386503068,0.8957055214723927
4,0.5,1.0
488,0.48258196721311475,0.8995901639344263
4,0.5,1.0
12,0.5416666666666666,0.9166666666666666
12,0.5416666666666666,0.9166666666666666
348,0.5,0.9022988505747126
153,0.4477124183006536,0.6470588235294118
17,0.5,1.0
8,0.5625,0.875
8,0.5625,0.875
4,0.5,1.0
4,0.625,0.75
8,0.5625,0.875
428,0.5046728971962616,0.9018691588785047
64,0.5,0.9375
25,0.46,0.92
12,0.5,0.8333333333333334
20,0.575,0.85
4,0.5,1.0
32,0.53125,0.875
13,0.4230769230769231,0.8461538461538461
4,0.375,0.75
4,0.625,0.75
4,0.5,1.0
4,0.5,1.0
1,1.0,0.0
288,0.5,0.8680555555555556
8,0.5,1.0
92,0.4782608695652174,0.9347826086956522
4,0.5,1.0
4,0.5,1.0
8,0.5625,0.875
4,0.5,1.0
16,0.46875,0.9375
44,0.5340909090909091,0.9318181818181818
4,0.375,0.75
282,0.49113475177304966,0.9042553191489362
4,0.5,1.0
8,0.5,1.0
4,0.625,0.75
24,0.5625,0.875
4,0.375,0.75
32,0.53125,0.9375
84,0.47619047619047616,0.9285714285714286
8,0.5,1.0
24,0.5416666666666666,0.9166666666666666
80,0.5,0.925
90,0.4666666666666667,0.6444444444444445
4,0.5,1.0
48,0.5208333333333334,0.9583333333333334
4,0.5,1.0
4,0.625,0.75
16,0.53125,0.8125
56,0.5,0.8928571428571429
24,0.4791666666666667,0.9583333333333334
4,0.625,0.75
12,0.5416666666666666,0.9166666666666666
4,0.375,0.75
4,0.375,0.75
292,0.4897260273972603,0.9041095890410958
19,0.47368421052631576,0.9473684210526315
4,0.5,1.0
4,0.5,1.0
20,0.475,0.95
12,0.4583333333333333,0.9166666666666666
93,0.4731182795698925,0.9247311827956989
4,0.5,1.0
4,0.5,1.0
352,0.5028409090909091,0.9147727272727273
12,0.5833333333333334,0.8333333333333334
32,0.5,0.9375
208,0.5,0.9230769230769231
5,0.6,0.8
4,0.5,1.0
8,0.5625,0.875
4,0.625,0.75
278,0.5071942446043165,0.8776978417266187
4,0.5,1.0
28,0.44642857142857145,0.8928571428571429
20,0.525,0.85
34,0.45588235294117646,0.9117647058823529
20,0.475,0.95
40,0.475,0.95
83,0.5060240963855421,0.9156626506024096
44,0.5227272727272727,0.9090909090909091
12,0.5,1.0
4,0.375,0.75
23,0.5217391304347826,0.8695652173913043
4,0.5,1.0
191,0.4816753926701571,0.8586387434554974
2,0.75,0.5
4,0.375,0.75
16,0.53125,0.9375
4,0.5,1.0
4,0.625,0.75
55,0.4636363636363636,0.8545454545454545
8,0.5,1.0
353,0.5070821529745042,0.8951841359773371
31,0.532258064516129,0.9354838709677419
4,0.5,1.0
28,0.5357142857142857,0.9285714285714286
4,0.375,0.75
3,0.5,1.0
4,0.375,0.75
44,0.4659090909090909,0.8863636363636364
12,0.5,1.0
16,0.40625,0.8125
4,0.625,0.75
4,0.375,0.75
4,0.5,1.0
28,0.5,0.9285714285714286
28,0.48214285714285715,0.9642857142857143
4,0.625,0.75
28,0.5,1.0
4,0.5,1.0
8,0.5,1.0
24,0.4375,0.875
4,0.5,1.0
4,0.5,1.0
4,0.375,0.75
4,0.625,0.75
278,0.48201438848920863,0.8776978417266187
4,0.375,0.75
4,0.625,0.75
459,0.528322440087146,0.8954248366013072
4,0.5,1.0
40,0.4875,0.975
60,0.475,0.95
4,0.375,0.75
4,0.5,1.0
4,0.5,1.0
20,0.475,0.85
44,0.48863636363636365,0.8863636363636364
51,0.5392156862745098,0.9215686274509803
168,0.49702380952380953,0.9226190476190477
4,0.5,1.0
12,0.5416666666666666,0.9166666666666666
28,0.48214285714285715,0.9642857142857143
8,0.5,1.0
1,0.0,0.0
4,0.5,1.0
24,0.4583333333333333,0.9166666666666666
4,0.375,0.75
451,0.49445676274944567,0.8957871396895787
75,0.44666666666666666,0.8666666666666667
4,0.5,1.0
5,0.6,0.8
8,0.5625,0.875
289,0.5017301038062284,0.9204152249134948
105,0.4857142857142857,0.9142857142857143
4,0.5,1.0
8,0.4375,0.875
2,0.75,0.5
4,0.5,1.0
4,0.375,0.75
4,0.375,0.75
4,0.5,1.0
298,0.5016778523489933,0.9026845637583892
8,0.4375,0.875
70,0.4714285714285714,0.9142857142857143
4,0.5,1.0
24,0.4583333333333333,0.8333333333333334
317,0.4968454258675079,0.8738170347003155
6,0.4166666666666667,0.8333333333333334
4,0.5,1.0
32,0.46875,0.9375
14,0.5,1.0
8,0.5,0.75
196,0.5306122448979592,0.8469387755102041
62,0.5,0.967741935483871
44,0.48863636363636365,0.8409090909090909
4,0.5,1.0
4,0.5,1.0
16,0.5,1.0
4,0.5,1.0
27,0.48148148148148145,0.8888888888888888
82,0.49390243902439024,0.6707317073170732
4,0.5,1.0
4,0.5,1.0
32,0.515625,0.96875
345,0.4855072463768116,0.8782608695652174
4,0.375,0.75
4,0.625,0.75
12,0.4583333333333333,0.9166666666666666
5,0.5,1.0
99,0.5252525252525253,0.9292929292929293
32,0.46875,0.875
109,0.5,0.7064220183486238
193,0.4896373056994819,0.6373056994818653
16,0.5625,0.875
4,0.625,0.75
4,0.5,1.0
128,0.5078125,0.921875
4,0.5,1.0
305,0.5081967213114754,0.8786885245901639
12,0.5,0.8333333333333334
202,0.46782178217821785,0.9158415841584159
8,0.5,1.0
4,0.375,0.75
24,0.5,0.8333333333333334
12,0.5,1.0
4,0.5,1.0
12,0.5,1.0
4,0.625,0.75
54,0.5092592592592593,0.9074074074074074
184,0.49184782608695654,0.907608695652174
3,0.5,1.0
8,0.4375,0.875
4,0.5,1.0
346,0.4797687861271676,0.9132947976878613
4,0.5,1.0
95,0.45789473684210524,0.6421052631578947
4,0.5,1.0
4,0.5,1.0
4,0.5,1.0
4,0.5,1.0
19,0.5,1.0
140,0.5357142857142857,0.9142857142857143
4,0.5,1.0
4,0.5,1.0
98,0.5357142857142857,0.8673469387755102
24,0.5,1.0
24,0.4583333333333333,0.9166666666666666
4,0.5,1.0
103,0.5,0.9029126213592233
27,0.48148148148148145,0.9629629629629629
4,0.5,1.0
8,0.5625,0.875
4,0.625,0.75
86,0.45348837209302323,0.5581395348837209
32,0.515625,0.90625
8,0.5,1.0
7,0.5714285714285714,0.8571428571428571
20,0.5,1.0
1,0.5,1.0
257,0.5272373540856031,0.8910505836575876
284,0.5211267605633803,0.8802816901408451
16,0.5,1.0
1,0.5,1.0
4,0.5,1.0
327,0.5076452599388379,0.8868501529051988
4,0.5,1.0
4,0.5,1.0
4,0.5,1.0
4,0.375,0.75
4,0.5,1.0
4,0.5,1.0
8,0.375,0.75
4,0.375,0.75
3,0.5,1.0
3,0.5,1.0
8,0.5,1.0
288,0.5086805555555556,0.9131944444444444
4,0.5,1.0
20,0.5,0.9
8,0.375,0.75
28,0.4642857142857143,0.8571428571428571
4,0.5,1.0
36,0.4861111111111111,0.9722222222222222
4,0.625,0.75
12,0.4583333333333333,0.9166666666666666
160,0.509375,0.88125
4,0.5,1.0
4,0.5,1.0
4,0.375,0.75
316,0.49841772151898733,0.8575949367088608
68,0.49264705882352944,0.9264705882352942
4,0.625,0.75
4,0.5,1.0
16,0.46875,0.8125
12,0.5833333333333334,0.8333333333333334
4,0.5,1.0
420,0.5071428571428571,0.9285714285714286
12,0.5416666666666666,0.9166666666666666
12,0.4583333333333333,0.9166666666666666
350,0.5057142857142857,0.9314285714285714
4,0.5,1.0
95,0.47368421052631576,0.9473684210526315
4,0.625,0.75
220,0.4772727272727273,0.9090909090909091
8,0.5,1.0
4,0.5,1.0
3,0.5,1.0
4,0.5,1.0
8,0.5,1.0
332,0.5075301204819277,0.9186746987951807
4,0.5,1.0
212,0.4882075471698113,0.9009433962264151
32,0.515625,0.90625
44,0.4659090909090909,0.9318181818181818
4,0.375,0.75
12,0.5,1.0
12,0.5,0.8333333333333334
16,0.46875,0.9375
32,0.5,0.875
47,0.5,0.9574468085106383
4,0.5,1.0
395,0.5037974683544304,0.9164556962025316
20,0.525,0.95
4,0.375,0.75
56,0.4732142857142857,0.9107142857142857
4,0.5,1.0
336,0.5208333333333334,0.8809523809523809
4,0.375,0.75
260,0.5,0.9076923076923077
8,0.5,0.75
4,0.5,1.0
33,0.45454545454545453,0.9090909090909091
8,0.5,1.0
36,0.5,0.9444444444444444
4,0.375,0.75
8,0.5,1.0
4,0.5,1.0
20,0.45,0.9
1,0.5,1.0
3,0.6666666666666666,0.6666666666666666
32,0.5,0.8125
12,0.4583333333333333,0.9166666666666666
8,0.625,0.75
4,0.375,0.75
4,0.5,1.0
8,0.5,1.0
16,0.46875,0.8125
12,0.4166666666666667,0.8333333333333334
8,0.5,1.0
16,0.5,0.875
287,0.47909407665505227,0.8745644599303136
1,0.5,1.0
4,0.375,0.75
12,0.4583333333333333,0.9166666666666666
141,0.48226950354609927,0.9078014184397163
104,0.47596153846153844,0.625
4,0.5,1.0
16,0.5,1.0
16,0.46875,0.8125
4,0.5,1.0
4,0.5,1.0
12,0.4583333333333333,0.9166666666666666
60,0.5,0.9
4,0.5,1.0
12,0.5,0.8333333333333334
24,0.4791666666666667,0.7916666666666666
47,0.4787234042553192,0.9148936170212766
4,0.625,0.75
310,0.4935483870967742,0.8838709677419355
24,0.5,0.9166666666666666
44,0.4772727272727273,0.9090909090909091
4,0.5,1.0
12,0.4166666666666667,0.8333333333333334
64,0.53125,0.90625
4,0.5,1.0
4,0.375,0.75
2,0.25,0.5
3,0.5,1.0
2,0.0,0.0
1,0.5,1.0
4,0.375,0.75
274,0.49635036496350365,0.8978102189781022
4,0.375,0.75
4,0.5,1.0
192,0.5052083333333334,0.8854166666666666
8,0.5,1.0
114,0.4473684210526316,0.6140350877192983
28,0.5,0.9285714285714286
8,0.4375,0.875
8,0.5,1.0
4,0.375,0.75
4,0.5,1.0
4,0.5,1.0
8,0.5,1.0
8,0.5625,0.875
8,0.4375,0.875
24,0.5416666666666666,0.9166666666666666
6,0.3333333333333333,0.6666666666666666
4,0.5,1.0
400,0.50625,0.8975
32,0.53125,0.9375
4,0.5,1.0
4,0.5,1.0
128,0.5,0.90625
4,0.625,0.75
3,0.6666666666666666,0.6666666666666666
52,0.5096153846153846,0.9423076923076923
384,0.5078125,0.8958333333333334
116,0.5043103448275862,0.9396551724137931
8,0.5,1.0
4,0.5,1.0
36,0.5277777777777778,0.8888888888888888
145,0.46551724137931033,0.6827586206896552
4,0.5,1.0
8,0.4375,0.875
8,0.4375,0.875
180,0.4777777777777778,0.8555555555555555
32,0.515625,0.90625
16,0.5,1.0
12,0.5,1.0
12,0.4583333333333333,0.9166666666666666
4,0.5,1.0
8,0.5,1.0
63,0.5158730158730159,0.9047619047619048
8,0.4375,0.875
404,0.5210396039603961,0.9034653465346535
111,0.5,0.9099099099099099
20,0.5,1.0
4,0.5,1.0
20,0.425,0.85
32,0.515625,0.96875
4,0.375,0.75
8,0.5,1.0
4,0.375,0.75
4,0.5,1.0
24,0.5,1.0
4,0.5,1.0
12,0.4583333333333333,0.9166666666666666
4,0.375,0.75
12,0.4166666666666667,0.8333333333333334
4,0.5,1.0
4,0.625,0.75
184,0.5135869565217391,0.9293478260869565
67,0.47761194029850745,0.9552238805970149
16,0.53125,0.9375
40,0.5125,0.925
264,0.5056818181818182,0.8977272727272727
340,0.4985294117647059,0.8970588235294118
52,0.49038461538461536,0.8653846153846154
1,1.0,0.0
12,0.5,1.0
48,0.4375,0.7916666666666666
72,0.4930555555555556,0.9583333333333334
8,0.5,1.0
8,0.5625,0.875
8,0.5,1.0
8,0.375,0.75
4,0.625,0.75
4,0.5,1.0
8,0.5,1.0
20,0.525,0.85
70,0.4357142857142857,0.6428571428571429
4,0.375,0.75
41,0.47560975609756095,0.9024390243902439
237,0.5189873417721519,0.919831223628692
4,0.5,1.0
20,0.475,0.95
16,0.53125,0.9375
4,0.375,0.75
4,0.5,1.0
4,0.375,0.75
4,0.5,1.0
224,0.5178571428571429,0.8571428571428571
12,0.5,1.0
8,0.5,1.0
3,0.3333333333333333,0.6666666666666666
338,0.4911242603550296,0.8875739644970414
4,0.5,1.0
3,0.5,1.0
293,0.4931740614334471,0.8907849829351536
2,0.5,1.0
4,0.625,0.75
521,0.517274472168906,0.8925143953934741
4,0.5,1.0
4,0.5,1.0
36,0.3888888888888889,0.7777777777777778
8,0.5,1.0
251,0.5,0.8884462151394422
4,0.5,1.0
24,0.5,1.0
4,0.5,1.0
4,0.5,1.0
8,0.5,1.0
72,0.4791666666666667,0.9583333333333334
4,0.375,0.75
4,0.5,1.0
4,0.5,1.0
12,0.4583333333333333,0.9166666666666666
32,0.484375,0.96875
8,0.625,0.75
4,0.5,1.0
3,0.5,1.0
16,0.46875,0.8125
15,0.43333333333333335,0.8666666666666667
4,0.375,0.75
4,0.375,0.75
9,0.5555555555555556,0.8888888888888888
4,0.5,1.0
8,0.4375,0.875
168,0.49404761904761907,0.8809523809523809
24,0.4375,0.875
4,0.375,0.75
8,0.5,1.0
4,0.625,0.75
4,0.5,1.0
424,0.5117924528301887,0.8820754716981132
4,0.5,1.0
302,0.5016556291390728,0.9039735099337748
4,0.5,1.0
1,0.5,1.0
28,0.5178571428571429,0.8928571428571429
4,0.5,1.0
4,0.375,0.75
40,0.525,0.9
20,0.475,0.85
4,0.625,0.75
47,0.4574468085106383,0.9148936170212766
12,0.5416666666666666,0.9166666666666666
4,0.5,1.0
47,0.4787234042553192,0.8297872340425532
4,0.5,1.0
408,0.5036764705882353,0.8946078431372549
4,0.5,1.0
8,0.5,0.75
1,0.5,1.0
4,0.5,1.0
71,0.5070422535211268,0.9577464788732394
263,0.43155893536121676,0.8250950570342205
6,0.4166666666666667,0.8333333333333334
4,0.5,1.0
20,0.475,0.95
8,0.4375,0.875
181,0.511049723756906,0.8674033149171271
44,0.48863636363636365,0.8863636363636364
8,0.5,1.0
76,0.4605263157894737,0.9210526315789473
4,0.5,1.0
28,0.5357142857142857,0.8571428571428571
4,0.5,1.0
4,0.5,1.0
4,0.5,1.0
80,0.46875,0.9125
4,0.5,1.0
15,0.5333333333333333,0.8
8,0.5625,0.875
5,0.6,0.8
8,0.4375,0.875
4,0.5,1.0
190,0.5289473684210526,0.868421052631579
8,0.5,0.75
236,0.5169491525423728,0.9067796610169492
4,0.625,0.75
4,0.5,1.0
12,0.5,1.0
8,0.4375,0.875
323,0.5170278637770898,0.8978328173374613
1,0.0,0.0
2,0.75,0.5
36,0.4444444444444444,0.8888888888888888
16,0.5,1.0
148,0.5,0.9054054054054054
4,0.625,0.75
4,0.5,1.0
404,0.504950495049505,0.9158415841584159
8,0.5,1.0
4,0.5,1.0
8,0.5,1.0
16,0.4375,0.875
4,0.5,1.0
52,0.5,0.9230769230769231
4,0.625,0.75
72,0.4722222222222222,0.9166666666666666
112,0.4955357142857143,0.9375
12,0.5,1.0
50,0.49,0.9
1,0.5,1.0
247,0.5263157894736842,0.9230769230769231
4,0.5,1.0
16,0.46875,0.9375
4,0.375,0.75
16,0.5,0.875
12,0.4166666666666667,0.8333333333333334
4,0.5,1.0
4,0.375,0.75
173,0.45375722543352603,0.9075144508670521
8,0.5,1.0
4,0.5,1.0
404,0.4938118811881188,0.8836633663366337
4,0.5,1.0
8,0.4375,0.875
36,0.5277777777777778,0.8333333333333334
44,0.45454545454545453,0.8636363636363636
44,0.5227272727272727,0.9545454545454546
24,0.4583333333333333,0.8333333333333334
4,0.5,1.0
348,0.4813218390804598,0.9109195402298851
4,0.5,1.0
8,0.5,1.0
11,0.5,1.0
87,0.4540229885057471,0.5862068965517241
4,0.5,1.0
308,0.5097402597402597,0.8961038961038961
4,0.5,1.0
31,0.4838709677419355,0.9032258064516129
4,0.5,1.0
4,0.5,1.0
24,0.4583333333333333,0.9166666666666666
4,0.5,1.0
36,0.5416666666666666,0.9166666666666666
8,0.4375,0.875
8,0.5,1.0
11,0.45454545454545453,0.9090909090909091
64,0.4921875,0.921875
4,0.5,1.0
12,0.5,1.0
170,0.5117647058823529,0.9058823529411765
107,0.4719626168224299,0.9252336448598131
260,0.5057692307692307,0.8884615384615384
79,0.4620253164556962,0.8987341772151899
24,0.4791666666666667,0.9583333333333334
11,0.36363636363636365,0.7272727272727273
4,0.5,1.0
24,0.5208333333333334,0.9583333333333334
236,0.4427966101694915,0.8177966101694916
20,0.475,0.85
4,0.5,1.0
4,0.5,1.0
3,0.5,1.0
280,0.4982142857142857,0.8964285714285715
80,0.4625,0.875
4,0.625,0.75
4,0.5,1.0
3,0.5,1.0
16,0.4375,0.875
57,0.5263157894736842,0.8771929824561403
436,0.5194954128440367,0.9013761467889908
8,0.375,0.75
256,0.5234375,0.8671875
83,0.4759036144578313,0.927710843373494
8,0.5625,0.875
7,0.5,1.0
25,0.46,0.92
4,0.5,1.0
28,0.44642857142857145,0.8928571428571429
24,0.5208333333333334,0.7916666666666666
8,0.5,1.0
4,0.5,1.0
8,0.625,0.75
4,0.375,0.75
8,0.5,1.0
56,0.5357142857142857,0.9285714285714286
20,0.5,1.0
4,0.375,0.75
8,0.5,1.0
4,0.375,0.75
333,0.5255255255255256,0.9069069069069069
8,0.5625,0.875
76,0.506578947368421,0.9342105263157895
4,0.5,1.0
268,0.498134328358209,0.9067164179104478
4,0.5,1.0
20,0.525,0.95
8,0.5625,0.875
4,0.5,1.0
4,0.5,1.0
360,0.5,0.8833333333333333
8,0.5,1.0
382,0.5078534031413613,0.8743455497382199
8,0.4375,0.875
89,0.4943820224719101,0.9213483146067416
220,0.48863636363636365,0.9318181818181818
4,0.5,1.0
36,0.5138888888888888,0.9166666666666666
4,0.5,1.0
8,0.5,1.0
28,0.5,0.8571428571428571
248,0.4939516129032258,0.8830645161290323
121,0.4793388429752066,0.9256198347107438
4,0.625,0.75
4,0.5,1.0
96,0.5052083333333334,0.90625
132,0.45075757575757575,0.8106060606060606
8,0.5,1.0
41,0.5487804878048781,0.5609756097560976
12,0.5,1.0
4,0.5,1.0
8,0.5,0.75
233,0.4957081545064378,0.871244635193133
4,0.5,1.0
4,0.5,1.0
28,0.5,0.8571428571428571
4,0.5,1.0
8,0.5,1.0
273,0.4523809523809524,0.8534798534798534
20,0.475,0.95
24,0.4791666666666667,0.875
4,0.5,1.0
20,0.475,0.95
4,0.5,1.0
4,0.5,1.0
15,0.5333333333333333,0.9333333333333333
67,0.43283582089552236,0.6268656716417911
11,0.5909090909090909,0.8181818181818182
8,0.5,1.0
4,0.5,1.0
4,0.375,0.75
4,0.375,0.75
52,0.4807692307692308,0.8846153846153846
16,0.4375,0.875
292,0.4554794520547945,0.863013698630137
4,0.5,1.0
104,0.4855769230769231,0.7211538461538461
4,0.5,1.0
4,0.375,0.75
4,0.625,0.75
67,0.48507462686567165,0.9402985074626866
4,0.5,1.0
116,0.5086206896551724,0.9482758620689655
357,0.5028011204481793,0.876750700280112
4,0.625,0.75
524,0.48854961832061067,0.9198473282442748
4,0.5,1.0
8,0.5625,0.875
4,0.375,0.75
4,0.625,0.75
1,1.0,0.0
4,0.375,0.75
15,0.43333333333333335,0.8666666666666667
8,0.5,1.0
8,0.5,1.0
8,0.5625,0.875
292,0.5342465753424658,0.8835616438356164
4,0.5,1.0
4,0.5,1.0
8,0.5,1.0
10,0.5,1.0
4,0.5,1.0
319,0.4843260188087774,0.9059561128526645
5,0.5,1.0
2,0.75,0.5
16,0.5,0.875
8,0.5,1.0
4,0.5,1.0
7,0.5714285714285714,0.8571428571428571
4,0.375,0.75
4,0.5,1.0
19,0.4473684210526316,0.8947368421052632
288,0.484375,0.8993055555555556
4,0.5,1.0
4,0.625,0.75
215,0.5209302325581395,0.8930232558139535
8,0.4375,0.875
4,0.625,0.75
4,0.375,0.75
4,0.5,1.0
16,0.53125,0.9375
4,0.5,1.0
498,0.4919678714859438,0.9196787148594378
79,0.44936708860759494,0.569620253164557
4,0.625,0.75
12,0.5,0.8333333333333334
4,0.5,1.0
4,0.5,1.0
4,0.5,1.0
40,0.5,0.9
142,0.528169014084507,0.8732394366197183
16,0.46875,0.9375
8,0.5625,0.875
8,0.5,1.0
92,0.483695652173913,0.9021739130434783
188,0.4973404255319149,0.9202127659574468
4,0.5,1.0
3,0.6666666666666666,0.6666666666666666
4,0.5,1.0
4,0.5,1.0
326,0.5153374233128835,0.9079754601226994
4,0.375,0.75
4,0.5,1.0
72,0.5,0.9166666666666666
24,0.5416666666666666,0.8333333333333334
8,0.5,1.0
80,0.51875,0.9375
16,0.4375,0.875
4,0.375,0.75
4,0.5,1.0
8,0.5,1.0
368,0.5203804347826086,0.8885869565217391
16,0.53125,0.9375
3,0.6666666666666666,0.6666666666666666
4,0.5,1.0
4,0.5,1.0
12,0.5416666666666666,0.9166666666666666
4,0.5,1.0
364,0.49313186813186816,0.8928571428571429
28,0.44642857142857145,0.8928571428571429
12,0.5,1.0
4,0.5,1.0
4,0.375,0.75
8,0.4375,0.875
84,0.5178571428571429,0.9404761904761905
4,0.5,1.0
4,0.5,1.0
173,0.4913294797687861,0.9132947976878613
24,0.4583333333333333,0.8333333333333334
4,0.5,1.0
96,0.4895833333333333,0.8958333333333334
8,0.5,1.0
4,0.5,1.0
16,0.5,1.0
72,0.5,0.8888888888888888
8,0.375,0.75
232,0.540948275862069,0.9008620689655172
4,0.5,1.0
12,0.4583333333333333,0.9166666666666666
28,0.5357142857142857,0.9285714285714286
104,0.5,0.9038461538461539
4,0.625,0.75
304,0.506578947368421,0.9013157894736842
48,0.5,0.9166666666666666
12,0.4583333333333333,0.9166666666666666
4,0.5,1.0
8,0.5,0.75
56,0.5,0.9285714285714286
8,0.5625,0.875
8,0.5,0.75
336,0.5133928571428571,0.8958333333333334
72,0.4722222222222222,0.8888888888888888
4,0.625,0.75
56,0.5089285714285714,0.875
8,0.5,1.0
4,0.5,1.0
8,0.5,0.75
95,0.5,0.9157894736842105
336,0.49851190476190477,0.8660714285714286
48,0.5208333333333334,0.875
8,0.5625,0.875
43,0.43023255813953487,0.8604651162790697
4,0.5,1.0
348,0.492816091954023,0.9224137931034483
4,0.375,0.75
4,0.375,0.75
8,0.4375,0.875
8,0.5,1.0
8,0.4375,0.875
4,0.5,1.0
8,0.5,0.5
184,0.5081521739130435,0.875
4,0.375,0.75
4,0.625,0.75
4,0.375,0.75
37,0.4594594594594595,0.918918918918919
8,0.5,1.0
93,0.5,0.8924731182795699
420,0.5,0.8904761904761904
7,0.5,1.0
12,0.5416666666666666,0.9166666666666666
68,0.5,0.9411764705882353
4,0.5,1.0
8,0.5625,0.875
135,0.5111111111111111,0.8740740740740741
64,0.484375,0.875
16,0.5625,0.75
16,0.46875,0.9375
16,0.5625,0.875
2,0.5,1.0
8,0.5,1.0
76,0.4934210526315789,0.9078947368421053
4,0.5,1.0
4,0.5,1.0
288,0.5277777777777778,0.8819444444444444
4,0.375,0.75
28,0.5178571428571429,0.8928571428571429
44,0.4659090909090909,0.9318181818181818
8,0.4375,0.875
384,0.4869791666666667,0.9114583333333334
24,0.5,0.9166666666666666
31,0.45161290322580644,0.9032258064516129
4,0.5,1.0
16,0.46875,0.9375
143,0.479020979020979,0.9020979020979021
8,0.5,0.75
56,0.45535714285714285,0.875
12,0.5,0.8333333333333334
16,0.5,1.0
20,0.475,0.95
4,0.5,1.0
4,0.5,1.0
296,0.5016891891891891,0.9222972972972973
72,0.4791666666666667,0.9027777777777778
4,0.5,1.0
4,0.5,1.0
8,0.4375,0.875
4,0.5,1.0
60,0.45,0.9
4,0.5,1.0
3,0.5,0.3333333333333333
16,0.59375,0.8125
220,0.5181818181818182,0.8636363636363636
4,0.5,1.0
159,0.4968553459119497,0.9433962264150944
4,0.5,1.0
109,0.5275229357798165,0.8715596330275229
4,0.375,0.75
4,0.5,1.0
4,0.5,1.0
12,0.5,0.8333333333333334
16,0.5,0.875
4,0.625,0.75
4,0.375,0.75
4,0.5,1.0
252,0.47023809523809523,0.8611111111111112
4,0.375,0.75
8,0.5,1.0
4,0.5,1.0
444,0.5067567567567568,0.9009009009009009
28,0.5357142857142857,0.9285714285714286
4,0.5,1.0
23,0.5217391304347826,0.9565217391304348
4,0.5,1.0
4,0.625,0.75
4,0.5,1.0
32,0.515625,0.90625
4,0.5,1.0
4,0.375,0.75
20,0.475,0.95
4,0.375,0.75
4,0.375,0.75
32,0.46875,0.9375
8,0.5,1.0
52,0.49038461538461536,0.9423076923076923
2,0.5,1.0
4,0.5,1.0
36,0.5138888888888888,0.9722222222222222
8,0.5625,0.875
20,0.5,0.9
4,0.375,0.75
12,0.5416666666666666,0.9166666666666666
4,0.5,1.0
223,0.5,0.8923766816143498
16,0.5,0.875
8,0.4375,0.875
252,0.501984126984127,0.876984126984127
4,0.5,1.0
4,0.5,1.0
4,0.375,0.75
4,0.5,1.0
107,0.4392523364485981,0.8598130841121495
4,0.5,1.0
8,0.5,0.75
4,0.5,1.0
8,0.5,1.0
4,0.625,0.75
4,0.5,1.0
28,0.5178571428571429,0.9642857142857143
4,0.5,1.0
12,0.4583333333333333,0.9166666666666666
4,0.5,1.0
237,0.4641350210970464,0.8776371308016878
4,0.5,1.0
4,0.625,0.75
4,0.5,1.0
250,0.54,0.864
28,0.5,0.8571428571428571
268,0.5018656716417911,0.8694029850746269
8,0.5625,0.875
4,0.5,1.0
8,0.5,1.0
148,0.5033783783783784,0.9391891891891891
120,0.49583333333333335,0.925
20,0.55,0.9
351,0.4772079772079772,0.8917378917378918
17,0.47058823529411764,0.7058823529411765
4,0.5,1.0
8,0.5,1.0
7,0.35714285714285715,0.7142857142857143
4,0.625,0.75
4,0.5,1.0
16,0.53125,0.9375
36,0.4444444444444444,0.8888888888888888
3,0.5,1.0
92,0.4945652173913043,0.9239130434782609
188,0.5079787234042553,0.898936170212766
4,0.375,0.75
316,0.5411392405063291,0.8987341772151899
4,0.5,1.0
8,0.5625,0.875
12,0.5,1.0
20,0.525,0.85
36,0.5416666666666666,0.9166666666666666
414,0.5060386473429952,0.9057971014492754
4,0.5,1.0
24,0.4583333333333333,0.9166666666666666
4,0.5,1.0
4,0.5,1.0
4,0.625,0.75
4,0.5,1.0
4,0.375,0.75
78,0.4166666666666667,0.6025641025641025
8,0.5,1.0
1,0.5,1.0
4,0.5,1.0
12,0.5416666666666666,0.9166666666666666
121,0.47107438016528924,0.9090909090909091
8,0.625,0.75
12,0.5,1.0
140,0.5178571428571429,0.9071428571428571
349,0.502865329512894,0.8968481375358166
60,0.5,0.9333333333333333
4,0.625,0.75
28,0.48214285714285715,0.8928571428571429
16,0.46875,0.9375
387,0.5077519379844961,0.8914728682170543
12,0.5,0.8333333333333334
8,0.4375,0.875
5,0.5,1.0
20,0.45,0.9
4,0.5,1.0
20,0.5,1.0
80,0.5,0.975
20,0.525,0.95
220,0.4909090909090909,0.9090909090909091
4,0.5,1.0
4,0.5,1.0
16,0.5,1.0
20,0.4,0.8
36,0.4861111111111111,0.8611111111111112
5,0.5,1.0
296,0.5,0.8986486486486487
12,0.5,1.0
265,0.5188679245283019,0.9018867924528302
4,0.375,0.75
4,0.5,1.0
228,0.4517543859649123,0.8508771929824561
8,0.5,0.75
3,0.16666666666666666,0.3333333333333333
16,0.40625,0.8125
28,0.48214285714285715,0.9642857142857143
8,0.5,0.75
20,0.45,0.8
4,0.5,1.0
21,0.42857142857142855,0.8571428571428571
4,0.375,0.75
4,0.5,1.0
4,0.5,1.0
11,0.5454545454545454,0.7272727272727273
4,0.5,1.0
64,0.484375,0.90625
4,0.5,1.0
3,0.5,1.0
4,0.5,1.0
419,0.5202863961813843,0.8973747016706444
4,0.5,1.0
425,0.5094117647058823,0.9011764705882352
84,0.4880952380952381,0.9047619047619048
8,0.5,1.0
8,0.5,1.0
6,0.5,0.6666666666666666
276,0.5217391304347826,0.8913043478260869
48,0.4791666666666667,0.9166666666666666
8,0.5,1.0
4,0.375,0.75
4,0.5,1.0
16,0.5,0.875
4,0.5,1.0
437,0.5045766590389016,0.8901601830663616
8,0.5,1.0
32,0.46875,0.875
277,0.5505415162454874,0.8628158844765343
4,0.5,1.0
48,0.5104166666666666,0.9375
4,0.5,1.0
28,0.5,0.9285714285714286
4,0.5,1.0
48,0.5208333333333334,0.9166666666666666
12,0.4583333333333333,0.9166666666666666
4,0.375,0.75
76,0.4868421052631579,0.9473684210526315
32,0.515625,0.96875
10,0.45,0.9
40,0.4875,0.975
410,0.5085365853658537,0.8804878048780488
80,0.49375,0.8625
424,0.5011792452830188,0.8844339622641509
4,0.5,1.0
20,0.425,0.85
124,0.5,0.9354838709677419
52,0.4519230769230769,0.9038461538461539
4,0.375,0.75
4,0.5,1.0
252,0.47619047619047616,0.8492063492063492
24,0.5208333333333334,0.9583333333333334
60,0.4583333333333333,0.85
20,0.425,0.85
2,0.75,0.5
4,0.5,1.0
28,0.5,0.9285714285714286
11,0.5454545454545454,0.9090909090909091
4,0.5,1.0
368,0.5163043478260869,0.9021739130434783
20,0.525,0.85
8,0.5,1.0
94,0.5638297872340425,0.5957446808510638
4,0.5,1.0
304,0.5115131578947368,0.9177631578947368
4,0.375,0.75
63,0.49206349206349204,0.9206349206349206
8,0.625,0.75
4,0.5,1.0
3,0.16666666666666666,0.3333333333333333
2,0.5,1.0
365,0.48904109589041095,0.9013698630136986
16,0.40625,0.8125
12,0.5,0.8333333333333334
4,0.5,1.0
4,0.375,0.75
24,0.5208333333333334,0.9583333333333334
8,0.4375,0.875
136,0.40808823529411764,0.6544117647058824
4,0.375,0.75
12,0.5,1.0
4,0.375,0.75
4,0.375,0.75
293,0.4948805460750853,0.9010238907849829
4,0.5,1.0
16,0.4375,0.875
12,0.5416666666666666,0.9166666666666666
4,0.5,1.0
4,0.625,0.75
24,0.5,0.9166666666666666
4,0.5,1.0
4,0.5,1.0
4,0.375,0.75
4,0.375,0.75
40,0.5,0.9
8,0.5,1.0
4,0.625,0.75
382,0.48429319371727747,0.8900523560209425
4,0.5,1.0
356,0.4845505617977528,0.8904494382022472
53,0.5094339622641509,0.9433962264150944
8,0.5,1.0
4,0.5,1.0
4,0.5,1.0
155,0.4774193548387097,0.9290322580645162
8,0.5,1.0
4,0.5,1.0
20,0.525,0.95
228,0.45614035087719296,0.868421052631579
12,0.5,0.8333333333333334
16,0.5625,0.875
122,0.4713114754098361,0.8934426229508197
4,0.375,0.75
36,0.5416666666666666,0.9166666666666666
8,0.4375,0.875
4,0.375,0.75
80,0.50625,0.9125
4,0.5,1.0
84,0.5119047619047619,0.8809523809523809
8,0.4375,0.875
8,0.5,1.0
7,0.35714285714285715,0.7142857142857143
4,0.375,0.75
2,0.5,1.0
440,0.5045454545454545,0.8818181818181818
4,0.5,1.0
4,0.5,1.0
8,0.5,1.0
144,0.4861111111111111,0.8472222222222222
72,0.4652777777777778,0.875
4,0.5,1.0
4,0.5,1.0
4,0.375,0.75
316,0.47943037974683544,0.8829113924050633
4,0.5,1.0
176,0.5142045454545454,0.8579545454545454
4,0.5,1.0
12,0.4583333333333333,0.9166666666666666
8,0.5625,0.875
20,0.525,0.95
4,0.5,1.0
45,0.5,0.9555555555555556
8,0.5,1.0
4,0.5,1.0
36,0.5,0.9444444444444444
72,0.5069444444444444,0.9027777777777778
16,0.5,1.0
1,0.0,0.0
20,0.5,1.0
4,0.5,1.0
4,0.5,1.0
8,0.5,1.0
32,0.5,0.9375
77,0.4155844155844156,0.6493506493506493
8,0.625,0.75
4,0.5,1.0
343,0.5160349854227405,0.8862973760932945
40,0.5,0.95
4,0.5,1.0
68,0.47794117647058826,0.9264705882352942
8,0.5,1.0
157,0.5063694267515924,0.8980891719745223
28,0.48214285714285715,0.9642857142857143
4,0.5,1.0
28,0.5,0.9285714285714286
11,0.5,1.0
8,0.5,1.0
4,0.5,1.0
60,0.5166666666666667,0.8666666666666667
12,0.5416666666666666,0.9166666666666666
20,0.5,0.9
48,0.53125,0.9375
4,0.5,1.0
4,0.375,0.75
4,0.375,0.75
196,0.5076530612244898,0.923469387755102
4,0.5,1.0
16,0.46875,0.9375
432,0.5266203703703703,0.9097222222222222
6,0.5,1.0
4,0.625,0.75
4,0.5,1.0
304,0.4934210526315789,0.881578947368421
4,0.375,0.75
4,0.5,1.0
16,0.53125,0.9375
331,0.5090634441087614,0.8851963746223565
4,0.5,1.0
204,0.5196078431372549,0.8921568627450981
4,0.5,1.0
31,0.5,0.9354838709677419
4,0.5,1.0
12,0.4166666666666667,0.8333333333333334
40,0.5125,0.925
4,0.5,1.0
160,0.5,0.9125
4,0.5,1.0
4,0.5,1.0
12,0.5,0.8333333333333334
20,0.4,0.8
12,0.4583333333333333,0.9166666666666666
4,0.5,1.0
28,0.5,1.0
4,0.375,0.75
12,0.5,0.8333333333333334
4,0.5,1.0
16,0.5625,0.875
4,0.375,0.75
4,0.375,0.75
8,0.5,1.0
9,0.5,1.0
4,0.375,0.75
4,0.625,0.75
12,0.5833333333333334,0.8333333333333334
4,0.625,0.75
4,0.5,1.0
176,0.5113636363636364,0.9090909090909091
24,0.5208333333333334,0.9583333333333334
8,0.5625,0.875
12,0.5416666666666666,0.9166666666666666
280,0.45535714285714285,0.8535714285714285
91,0.5054945054945055,0.8571428571428571
56,0.5714285714285714,0.8571428571428571
8,0.5,1.0
4,0.5,1.0
11,0.5454545454545454,0.9090909090909091
24,0.4791666666666667,0.9583333333333334
100,0.48,0.9
12,0.5,1.0
24,0.4375,0.875
182,0.5357142857142857,0.8626373626373627
16,0.5625,0.875
107,0.5046728971962616,0.8785046728971962
32,0.484375,0.96875
4,0.625,0.75
16,0.4375,0.875
4,0.5,1.0
4,0.625,0.75
4,0.625,0.75
68,0.5220588235294118,0.9264705882352942
254,0.5039370078740157,0.8818897637795275
24,0.5,0.9166666666666666
4,0.5,1.0
4,0.5,1.0
12,0.5,1.0
4,0.5,1.0
23,0.41304347826086957,0.7391304347826086
12,0.5416666666666666,0.9166666666666666
4,0.5,1.0
16,0.5,1.0
4,0.375,0.75
254,0.5098425196850394,0.9173228346456693
36,0.4722222222222222,0.9444444444444444
32,0.484375,0.90625
36,0.4583333333333333,0.9166666666666666
136,0.5073529411764706,0.9411764705882353
4,0.5,1.0
8,0.5,1.0
8,0.5,1.0
8,0.5,1.0
20,0.475,0.85
94,0.5319148936170213,0.8936170212765957
40,0.4875,0.925
4,0.5,1.0
185,0.4972972972972973,0.9081081081081082
4,0.5,1.0
4,0.5,1.0
8,0.4375,0.875
4,0.5,1.0
8,0.5,1.0
16,0.53125,0.9375
1,0.5,1.0
12,0.4166666666666667,0.8333333333333334
4,0.5,1.0
8,0.5,1.0
24,0.5208333333333334,0.9583333333333334
425,0.5270588235294118,0.908235294117647
28,0.5,1.0
8,0.5625,0.875
305,0.48360655737704916,0.9081967213114754
111,0.44594594594594594,0.6216216216216216
4,0.5,1.0
1,0.5,1.0
24,0.5,0.9166666666666666
4,0.5,1.0
8,0.5,1.0
36,0.5555555555555556,0.8888888888888888
123,0.4268292682926829,0.8536585365853658
180,0.4722222222222222,0.8444444444444444
4,0.5,1.0
88,0.5170454545454546,0.8977272727272727
4,0.5,1.0
24,0.4166666666666667,0.8333333333333334
12,0.5,1.0
12,0.5416666666666666,0.9166666666666666
8,0.375,0.75
12,0.5416666666666666,0.9166666666666666
16,0.5625,0.875
62,0.4838709677419355,0.967741935483871
4,0.625,0.75
8,0.5625,0.875
4,0.5,1.0
16,0.53125,0.9375
24,0.5416666666666666,0.8333333333333334
139,0.4856115107913669,0.9568345323741008
8,0.5,1.0
8,0.5,1.0
40,0.5625,0.875
88,0.48863636363636365,0.8863636363636364
8,0.5,0.75
4,0.625,0.75
64,0.4921875,0.921875
295,0.488135593220339,0.9084745762711864
347,0.4942363112391931,0.9020172910662824
8,0.5625,0.875
36,0.4444444444444444,0.8888888888888888
213,0.5093896713615024,0.8685446009389671
8,0.5,1.0
224,0.49330357142857145,0.9151785714285714
4,0.5,1.0
4,0.625,0.75
3,0.5,1.0
388,0.5025773195876289,0.8865979381443299
4,0.5,1.0
4,0.625,0.75
28,0.44642857142857145,0.8928571428571429
81,0.5,0.6049382716049383
12,0.5,1.0
370,0.504054054054054,0.9054054054054054
12,0.5833333333333334,0.8333333333333334
8,0.5,1.0
4,0.5,1.0
52,0.5192307692307693,0.9615384615384616
16,0.53125,0.9375
12,0.5416666666666666,0.9166666666666666
42,0.5,0.9523809523809523
4,0.5,1.0
4,0.5,1.0
8,0.5,1.0
390,0.5115384615384615,0.9
228,0.4934210526315789,0.9254385964912281
39,0.44871794871794873,0.8461538461538461
60,0.5,0.9
4,0.375,0.75
4,0.5,1.0
12,0.5,1.0
44,0.5,0.9090909090909091
4,0.5,1.0
76,0.506578947368421,0.9605263157894737
24,0.5,1.0
16,0.46875,0.9375
4,0.375,0.75
8,0.5,1.0
12,0.4583333333333333,0.9166666666666666
91,0.5384615384615384,0.9230769230769231
4,0.625,0.75
8,0.5,1.0
244,0.5430327868852459,0.8729508196721312
368,0.485054347826087,0.9157608695652174
16,0.53125,0.9375
4,0.5,1.0
20,0.45,0.9
4,0.5,1.0
86,0.46511627906976744,0.5813953488372093
4,0.5,1.0
12,0.5416666666666666,0.9166666666666666
4,0.5,1.0
4,0.5,1.0
36,0.4583333333333333,0.9166666666666666
4,0.375,0.75
24,0.5416666666666666,0.9166666666666666
4,0.5,1.0
4,0.5,1.0
8,0.5625,0.875
16,0.53125,0.9375
353,0.5,0.8696883852691218
4,0.375,0.75
4,0.375,0.75
8,0.5,1.0
20,0.425,0.85
40,0.475,0.95
3,0.5,1.0
47,0.4787234042553192,0.9148936170212766
4,0.625,0.75
4,0.5,1.0
8,0.5,1.0
4,0.5,1.0
8,0.5,1.0
8,0.5,1.0
277,0.49458483754512633,0.9097472924187726
268,0.4832089552238806,0.914179104477612
8,0.375,0.75
4,0.375,0.75
4,0.5,1.0
332,0.4879518072289157,0.9216867469879518
58,0.5517241379310345,0.8620689655172413
336,0.4806547619047619,0.9017857142857143
64,0.4765625,0.921875
1,0.0,0.0
245,0.49387755102040815,0.8979591836734694
4,0.5,1.0
50,0.52,0.92
326,0.5015337423312883,0.8987730061349694
4,0.5,1.0
4,0.625,0.75
334,0.5239520958083832,0.8862275449101796
8,0.5,1.0
115,0.5130434782608696,0.9043478260869565
8,0.5625,0.875
60,0.5083333333333333,0.9166666666666666
4,0.625,0.75
4,0.625,0.75
48,0.4895833333333333,0.9375
5,0.4,0.4
4,0.375,0.75
8,0.5625,0.875
28,0.5357142857142857,0.8571428571428571
4,0.5,1.0
4,0.5,1.0
4,0.5,1.0
107,0.48130841121495327,0.9252336448598131
55,0.5272727272727272,0.8727272727272727
8,0.5,1.0
72,0.4791666666666667,0.8472222222222222
44,0.5113636363636364,0.9318181818181818
48,0.4583333333333333,0.9166666666666666
11,0.45454545454545453,0.9090909090909091
20,0.45,0.9
4,0.375,0.75
4,0.375,0.75
24,0.5208333333333334,0.9583333333333334
76,0.4934210526315789,0.9078947368421053
4,0.5,1.0
168,0.5208333333333334,0.8988095238095238
4,0.625,0.75
4,0.5,1.0
192,0.46875,0.8958333333333334
28,0.44642857142857145,0.8928571428571429
40,0.4625,0.925
12,0.4583333333333333,0.9166666666666666
16,0.5625,0.875
4,0.5,1.0
12,0.4583333333333333,0.9166666666666666
20,0.5,1.0
88,0.5397727272727273,0.875
16,0.5625,0.875
4,0.625,0.75
12,0.4166666666666667,0.8333333333333334
6,0.5,1.0
36,0.5277777777777778,0.9444444444444444
4,0.5,1.0
96,0.5260416666666666,0.9270833333333334
188,0.523936170212766,0.8776595744680851
23,0.4782608695652174,0.8695652173913043
51,0.5196078431372549,0.9215686274509803
4,0.5,1.0
192,0.5130208333333334,0.9010416666666666
151,0.4768211920529801,0.9403973509933775
28,0.5,0.9285714285714286
20,0.475,0.95
4,0.625,0.75
52,0.5480769230769231,0.9038461538461539
3,0.6666666666666666,0.6666666666666666
1,0.0,0.0
260,0.4846153846153846,0.8923076923076924
8,0.4375,0.875
12,0.4583333333333333,0.9166666666666666
7,0.2857142857142857,0.2857142857142857
284,0.4982394366197183,0.8838028169014085
52,0.46153846153846156,0.8461538461538461
4,0.5,1.0
4,0.5,1.0
4,0.5,1.0
8,0.4375,0.875
20,0.45,0.9
58,0.47413793103448276,0.9482758620689655
4,0.5,1.0
77,0.512987012987013,0.922077922077922
4,0.625,0.75
4,0.5,1.0
78,0.5192307692307693,0.9102564102564102
4,0.5,1.0
24,0.4375,0.875
16,0.5,1.0
2,0.0,0.0
4,0.5,1.0
265,0.5169811320754717,0.8830188679245283
8,0.5,1.0
20,0.475,0.85
8,0.4375,0.875
4,0.5,1.0
4,0.625,0.75
264,0.4583333333333333,0.8484848484848485
12,0.5,1.0
80,0.4875,0.925
16,0.5,0.875
12,0.4166666666666667,0.8333333333333334
8,0.5,0.75
4,0.375,0.75
12,0.5,1.0
24,0.4791666666666667,0.9583333333333334
4,0.5,1.0
32,0.484375,0.96875
36,0.5138888888888888,0.9166666666666666
4,0.375,0.75
8,0.5,1.0
76,0.46710526315789475,0.9078947368421053
205,0.48048780487804876,0.8634146341463415
57,0.47368421052631576,0.9473684210526315
4,0.5,1.0
4,0.5,1.0
4,0.625,0.75
4,0.375,0.75
298,0.4949664429530201,0.889261744966443
8,0.5,1.0
20,0.45,0.9
16,0.5,0.875
8,0.5,1.0
9,0.5,1.0
8,0.5,1.0
75,0.5133333333333333,0.9466666666666667
32,0.453125,0.90625
144,0.4722222222222222,0.8611111111111112
4,0.375,0.75
4,0.5,1.0
488,0.5225409836065574,0.8975409836065574
8,0.5,1.0
111,0.4864864864864865,0.9369369369369369
8,0.5,1.0
56,0.5,0.9285714285714286
4,0.375,0.75
8,0.5625,0.875
4,0.5,1.0
12,0.5,0.8333333333333334
353,0.5,0.886685552407932
16,0.53125,0.9375
4,0.5,1.0
16,0.46875,0.9375
12,0.5416666666666666,0.9166666666666666
3,0.5,1.0
8,0.5,0.75
364,0.5068681318681318,0.8928571428571429
8,0.5,1.0
28,0.5178571428571429,0.8928571428571429
52,0.5096153846153846,0.9423076923076923
8,0.5,0.75
16,0.4375,0.875
44,0.5340909090909091,0.9318181818181818
8,0.4375,0.875
8,0.4375,0.875
4,0.5,1.0
35,0.4857142857142857,0.9714285714285714
8,0.5,1.0
406,0.5012315270935961,0.9137931034482759
3,0.3333333333333333,0.6666666666666666
4,0.5,1.0
4,0.5,1.0
12,0.4166666666666667,0.8333333333333334
12,0.5,0.8333333333333334
36,0.5,0.8888888888888888
256,0.486328125,0.88671875
4,0.5,1.0
4,0.5,1.0
40,0.5,0.85
8,0.4375,0.875
4,0.5,1.0
24,0.5,0.8333333333333334
4,0.5,1.0
8,0.5,1.0
8,0.5,1.0
324,0.5308641975308642,0.8703703703703703
8,0.4375,0.875
8,0.5,1.0
44,0.5113636363636364,0.8863636363636364
1,0.5,1.0
68,0.47794117647058826,0.8970588235294118
40,0.4875,0.975
4,0.5,1.0
4,0.5,1.0
12,0.4583333333333333,0.9166666666666666
216,0.4537037037037037,0.8703703703703703
4,0.375,0.75
16,0.46875,0.9375
8,0.5625,0.875
12,0.4583333333333333,0.9166666666666666
40,0.5,0.95
4,0.5,1.0
16,0.5,1.0
3,0.3333333333333333,0.6666666666666666
4,0.5,1.0
4,0.5,1.0
8,0.375,0.75
3,0.5,1.0
64,0.5234375,0.953125
8,0.5,1.0
95,0.4789473684210526,0.8947368421052632
4,0.5,1.0
161,0.4813664596273292,0.8881987577639752
4,0.5,1.0
20,0.475,0.95
46,0.45652173913043476,0.9130434782608695
8,0.4375,0.875
280,0.5053571428571428,0.9107142857142857
4,0.5,1.0
4,0.5,1.0
2,0.25,0.5
8,0.5,0.75
32,0.453125,0.46875
176,0.5,0.8977272727272727
12,0.4583333333333333,0.9166666666666666
4,0.5,1.0
8,0.5625,0.875
4,0.375,0.75
64,0.46875,0.9375
4,0.5,1.0
8,0.5,1.0
8,0.5625,0.875
272,0.5110294117647058,0.9117647058823529
20,0.55,0.9
4,0.5,1.0
16,0.5,0.875
20,0.525,0.95
4,0.625,0.75
8,0.5625,0.875
308,0.5308441558441559,0.8863636363636364
4,0.5,1.0
4,0.5,1.0
358,0.4972067039106145,0.9273743016759777
8,0.5625,0.875
4,0.5,1.0
8,0.5,1.0
96,0.484375,0.90625
16,0.46875,0.8125
8,0.4375,0.875
8,0.5,1.0
16,0.5,0.875
34,0.5,1.0
194,0.4484536082474227,0.8350515463917526
8,0.5,1.0
1,0.5,1.0
12,0.5416666666666666,0.9166666666666666
4,0.375,0.75
4,0.5,1.0
48,0.53125,0.9375
4,0.5,1.0
4,0.375,0.75
4,0.5,1.0
4,0.5,1.0
390,0.5076923076923077,0.882051282051282
8,0.5,1.0
8,0.4375,0.875
4,0.5,1.0
12,0.4583333333333333,0.9166666666666666
4,0.5,1.0
4,0.5,1.0
28,0.5357142857142857,0.9285714285714286
4,0.5,1.0
8,0.5,1.0
36,0.4583333333333333,0.9166666666666666
20,0.55,0.9
4,0.375,0.75
56,0.48214285714285715,0.8928571428571429
245,0.4959183673469388,0.8693877551020408
140,0.5071428571428571,0.8714285714285714
12,0.5,1.0
4,0.625,0.75
4,0.5,1.0
20,0.5,0.9
4,0.625,0.75
124,0.4798387096774194,0.9274193548387096
4,0.5,1.0
16,0.5625,0.875
4,0.5,1.0
8,0.5,1.0
264,0.49053030303030304,0.8901515151515151
4,0.375,0.75
4,0.5,1.0
8,0.4375,0.875
8,0.5,1.0
79,0.4810126582278481,0.8860759493670886
235,0.5148936170212766,0.8765957446808511
8,0.5,1.0
8,0.5625,0.875
16,0.46875,0.9375
365,0.5205479452054794,0.9041095890410958
4,0.375,0.75
4,0.5,1.0
8,0.5,1.0
8,0.5625,0.875
256,0.505859375,0.87109375
4,0.5,1.0
27,0.46296296296296297,0.8518518518518519
8,0.5,1.0
56,0.4642857142857143,0.8928571428571429
244,0.5040983606557377,0.9016393442622951
12,0.5416666666666666,0.9166666666666666
12,0.5,1.0
4,0.375,0.75
4,0.5,1.0
161,0.4813664596273292,0.9006211180124224
4,0.625,0.75
28,0.5535714285714286,0.8928571428571429
20,0.525,0.85
4,0.5,1.0
4,0.5,1.0
4,0.5,1.0
4,0.5,1.0
4,0.5,1.0
8,0.375,0.75
16,0.5,1.0
52,0.49038461538461536,0.9038461538461539
59,0.4830508474576271,0.8983050847457628
256,0.462890625,0.87109375
4,0.5,1.0
4,0.5,1.0
4,0.375,0.75
4,0.375,0.75
16,0.5625,0.75
388,0.5103092783505154,0.9020618556701031
28,0.5,1.0
8,0.5625,0.875
4,0.5,1.0
8,0.4375,0.875
4,0.5,1.0
211,0.466824644549763,0.8862559241706162
7,0.42857142857142855,0.8571428571428571
12,0.375,0.75
8,0.4375,0.875
404,0.5148514851485149,0.8811881188118812
116,0.47844827586206895,0.9051724137931034
268,0.5,0.8880597014925373
4,0.5,1.0
8,0.5,0.75
4,0.625,0.75
4,0.625,0.75
8,0.4375,0.875
44,0.48863636363636365,0.9318181818181818
4,0.5,1.0
196,0.5229591836734694,0.8826530612244898
68,0.5,0.9117647058823529
20,0.475,0.85
24,0.5208333333333334,0.875
40,0.5125,0.925
56,0.45535714285714285,0.9107142857142857
3,0.5,1.0
32,0.546875,0.84375
4,0.375,0.75
116,0.49137931034482757,0.9310344827586207
156,0.5,0.9230769230769231
8,0.5,1.0
43,0.47674418604651164,0.9069767441860465
4,0.5,1.0
4,0.5,1.0
28,0.4642857142857143,0.8571428571428571
36,0.4861111111111111,0.9166666666666666
107,0.4719626168224299,0.7009345794392523
4,0.375,0.75
20,0.475,0.85
95,0.5,0.9789473684210527
4,0.5,1.0
4,0.5,1.0
1,0.0,0.0
214,0.4649532710280374,0.8738317757009346
320,0.5109375,0.865625
31,0.5,0.9354838709677419
31,0.5,1.0
4,0.625,0.75
7,0.5714285714285714,0.8571428571428571
114,0.5350877192982456,0.7192982456140351
12,0.5,1.0
4,0.5,1.0
4,0.5,1.0
12,0.4583333333333333,0.9166666666666666
8,0.5625,0.875
4,0.5,1.0
28,0.5178571428571429,0.9642857142857143
4,0.625,0.75
28,0.48214285714285715,0.9642857142857143
340,0.5014705882352941,0.8911764705882353
21,0.4523809523809524,0.9047619047619048
4,0.375,0.75
17,0.47058823529411764,0.9411764705882353
276,0.5181159420289855,0.9130434782608695
8,0.4375,0.875
20,0.475,0.95
32,0.5,0.9375
12,0.4166666666666667,0.8333333333333334
8,0.5,1.0
20,0.475,0.95
4,0.5,1.0
15,0.5666666666666667,0.8666666666666667
8,0.5,1.0
20,0.5,0.9
409,0.5220048899755502,0.8875305623471883
8,0.375,0.75
32,0.484375,0.90625
1,1.0,0.0
4,0.5,1.0
384,0.5026041666666666,0.875
88,0.5227272727272727,0.9090909090909091
12,0.5,1.0
16,0.40625,0.8125
4,0.375,0.75
8,0.4375,0.875
3,0.3333333333333333,0.6666666666666666
100,0.47,0.66
4,0.375,0.75
4,0.5,1.0
64,0.46875,0.84375
72,0.5,0.9444444444444444
12,0.5416666666666666,0.9166666666666666
320,0.50625,0.90625
117,0.47863247863247865,0.905982905982906
51,0.4803921568627451,0.8431372549019608
28,0.48214285714285715,0.9642857142857143
20,0.525,0.95
24,0.4791666666666667,0.9583333333333334
4,0.5,1.0
8,0.5,1.0
36,0.5416666666666666,0.9166666666666666
4,0.625,0.75
356,0.5308988764044944,0.8707865168539326
60,0.48333333333333334,0.9
12,0.4583333333333333,0.75
8,0.4375,0.875
91,0.510989010989011,0.8901098901098901
8,0.4375,0.875
100,0.48,0.94
20,0.475,0.95
4,0.625,0.75
108,0.5138888888888888,0.9537037037037037
127,0.5118110236220472,0.9291338582677166
4,0.5,1.0
40,0.4875,0.925
228,0.5021929824561403,0.881578947368421
4,0.5,1.0
28,0.44642857142857145,0.8928571428571429
16,0.4375,0.875
4,0.5,1.0
3,0.6666666666666666,0.6666666666666666
147,0.5170068027210885,0.8979591836734694
4,0.625,0.75
12,0.4166666666666667,0.8333333333333334
318,0.5283018867924528,0.8930817610062893
240,0.5208333333333334,0.9
12,0.5416666666666666,0.75
32,0.453125,0.90625
4,0.5,1.0
8,0.5,1.0
12,0.4166666666666667,0.6666666666666666
79,0.44936708860759494,0.8734177215189873
104,0.5240384615384616,0.8942307692307693
8,0.5,0.75
16,0.5,1.0
4,0.25,0.5
4,0.5,1.0
106,0.49056603773584906,0.9622641509433962
4,0.5,1.0
4,0.5,1.0
4,0.5,1.0
4,0.5,1.0
310,0.4854838709677419,0.9129032258064517
44,0.5340909090909091,0.9318181818181818
8,0.5625,0.875
4,0.5,1.0
4,0.5,1.0
336,0.5163690476190477,0.8839285714285714
27,0.5185185185185185,0.8888888888888888
60,0.5,0.9
8,0.4375,0.875
236,0.5254237288135594,0.8898305084745762
8,0.4375,0.875
4,0.5,1.0
4,0.5,1.0
4,0.5,1.0
12,0.5,1.0
264,0.48863636363636365,0.8939393939393939
36,0.4861111111111111,0.9722222222222222
4,0.5,1.0
236,0.4957627118644068,0.8813559322033898
8,0.4375,0.875
1,0.5,1.0
20,0.475,0.95
12,0.5416666666666666,0.9166666666666666
4,0.5,1.0
4,0.5,1.0
12,0.4583333333333333,0.9166666666666666
4,0.5,1.0
93,0.45161290322580644,0.6451612903225806
4,0.375,0.75
156,0.5032051282051282,0.8910256410256411
139,0.4712230215827338,0.9280575539568345
8,0.5,1.0
10,0.55,0.7
63,0.48412698412698413,0.9682539682539683
52,0.4807692307692308,0.9615384615384616
4,0.375,0.75
90,0.4888888888888889,0.6666666666666666
1,0.5,1.0
8,0.4375,0.875
4,0.5,1.0
8,0.625,0.75
6,0.5833333333333334,0.8333333333333334
8,0.5,1.0
16,0.5,1.0
4,0.625,0.75
1,1.0,0.0
24,0.4791666666666667,0.875
48,0.5520833333333334,0.8958333333333334
8,0.5625,0.875
387,0.49483204134366926,0.9018087855297158
256,0.490234375,0.90234375
32,0.484375,0.84375
12,0.4583333333333333,0.9166666666666666
4,0.375,0.75
74,0.47297297297297297,0.918918918918919
4,0.5,1.0
16,0.53125,0.8125
28,0.48214285714285715,0.8928571428571429
295,0.5254237288135594,0.8949152542372881
8,0.5625,0.875
4,0.5,1.0
8,0.5,1.0
4,0.625,0.75
8,0.4375,0.875
4,0.375,0.75
4,0.5,1.0
23,0.4782608695652174,0.9565217391304348
5,0.5,1.0
4,0.5,1.0
12,0.4583333333333333,0.9166666666666666
8,0.5,0.75
292,0.523972602739726,0.8767123287671232
16,0.5,1.0
4,0.625,0.75
4,0.375,0.75
4,0.5,1.0
4,0.5,1.0
4,0.625,0.75
290,0.5189655172413793,0.8793103448275862
4,0.5,1.0
8,0.4375,0.875
16,0.46875,0.9375
8,0.5,1.0
4,0.5,1.0
372,0.4986559139784946,0.9005376344086021
4,0.5,1.0
8,0.5625,0.875
4,0.5,1.0
11,0.5454545454545454,0.9090909090909091
192,0.4973958333333333,0.9010416666666666
4,0.375,0.75
4,0.5,1.0
4,0.5,1.0
60,0.525,0.95
16,0.46875,0.9375
80,0.475,0.875
497,0.5110663983903421,0.8812877263581489
4,0.5,1.0
4,0.5,1.0
1,0.0,0.0
12,0.5,1.0
4,0.5,1.0
244,0.5081967213114754,0.9016393442622951
20,0.525,0.95
4,0.625,0.75
40,0.4875,0.875
12,0.5,1.0
4,0.5,1.0
4,0.5,1.0
20,0.475,0.85
28,0.5,0.8571428571428571
4,0.5,1.0
4,0.375,0.75
164,0.5365853658536586,0.926829268292683
4,0.5,1.0
4,0.625,0.75
4,0.5,1.0
12,0.5,1.0
4,0.5,1.0
32,0.5,1.0
8,0.4375,0.875
20,0.475,0.95
4,0.5,1.0
206,0.4975728155339806,0.8980582524271845
8,0.4375,0.875
4,0.5,1.0
4,0.5,1.0
243,0.49794238683127573,0.9053497942386831
35,0.5,0.9428571428571428
12,0.5,0.8333333333333334
4,0.375,0.75
24,0.5208333333333334,0.9583333333333334
4,0.5,1.0
4,0.375,0.75
48,0.53125,0.8541666666666666
4,0.5,1.0
4,0.5,1.0
251,0.5099601593625498,0.8764940239043825
19,0.5263157894736842,0.8421052631578947
8,0.5625,0.875
6,0.5,1.0
4,0.5,1.0
80,0.5,0.925
4,0.375,0.75
4,0.5,1.0
192,0.4791666666666667,0.8854166666666666
8,0.5,1.0
4,0.375,0.75
20,0.5,0.9
24,0.4791666666666667,0.875
28,0.4642857142857143,0.8571428571428571
27,0.48148148148148145,0.8888888888888888
260,0.5192307692307693,0.8923076923076924
4,0.5,1.0
32,0.546875,0.84375
8,0.5625,0.625
43,0.4186046511627907,0.8372093023255814
1,0.5,1.0
4,0.5,1.0
16,0.5,1.0
8,0.5,1.0
8,0.5625,0.875
4,0.5,1.0
308,0.5357142857142857,0.8831168831168831
4,0.5,1.0
52,0.5096153846153846,0.9038461538461539
4,0.5,1.0
8,0.4375,0.875
172,0.48546511627906974,0.877906976744186
12,0.5,1.0
28,0.44642857142857145,0.8928571428571429
28,0.5535714285714286,0.8928571428571429
12,0.5833333333333334,0.8333333333333334
28,0.44642857142857145,0.8928571428571429
12,0.5416666666666666,0.9166666666666666
106,0.5047169811320755,0.9150943396226415
300,0.535,0.8766666666666667
4,0.5,1.0
4,0.5,1.0
20,0.45,0.9
12,0.5,0.8333333333333334
24,0.4791666666666667,0.9583333333333334
8,0.5,1.0
4,0.625,0.75
4,0.625,0.75
81,0.5185185185185185,0.9135802469135802
389,0.5038560411311054,0.8894601542416453
8,0.5,1.0
28,0.42857142857142855,0.8571428571428571
4,0.5,1.0
4,0.625,0.75
249,0.5200803212851406,0.8714859437751004
3,0.5,1.0
8,0.5,1.0
8,0.4375,0.875
68,0.5,0.9705882352941176
16,0.46875,0.9375
4,0.5,1.0
4,0.5,1.0
8,0.4375,0.875
20,0.55,0.9
52,0.49038461538461536,0.9038461538461539
8,0.5,1.0
4,0.5,1.0
4,0.5,1.0
4,0.625,0.75
4,0.375,0.75
30,0.5166666666666667,0.9
169,0.5029585798816568,0.8875739644970414
4,0.5,1.0
4,0.5,1.0
11,0.5454545454545454,0.9090909090909091
4,0.5,1.0
8,0.5,1.0
20,0.5,0.9
8,0.5,1.0
373,0.4932975871313673,0.900804289544236
20,0.475,0.95
4,0.375,0.75
12,0.5416666666666666,0.9166666666666666
296,0.5033783783783784,0.9256756756756757
12,0.5,1.0
4,0.625,0.75
32,0.484375,0.96875
176,0.4914772727272727,0.8920454545454546
4,0.5,1.0
16,0.46875,0.9375
8,0.4375,0.875
16,0.5,1.0
12,0.4583333333333333,0.9166666666666666
12,0.4166666666666667,0.8333333333333334
4,0.375,0.75
8,0.5,1.0
63,0.5238095238095238,0.8888888888888888
4,0.5,1.0
4,0.5,1.0
82,0.5182926829268293,0.8902439024390244
4,0.625,0.75
8,0.5625,0.875
40,0.55,0.85
16,0.46875,0.9375
16,0.5,1.0
337,0.5059347181008902,0.8931750741839762
106,0.5047169811320755,0.8962264150943396
36,0.5,0.9444444444444444
4,0.625,0.75
20,0.425,0.85
4,0.5,1.0
4,0.625,0.75
6,0.5,1.0
376,0.5146276595744681,0.875
7,0.5,0.7142857142857143
8,0.4375,0.875
4,0.375,0.75
8,0.5,1.0
36,0.5,1.0
8,0.4375,0.875
4,0.375,0.75
65,0.4846153846153846,0.9692307692307692
4,0.5,1.0
199,0.5050251256281407,0.8894472361809045
108,0.48148148148148145,0.9444444444444444
316,0.5205696202531646,0.8765822784810127
4,0.375,0.75
84,0.5238095238095238,0.9285714285714286
4,0.625,0.75
8,0.5,1.0
16,0.5,1.0
4,0.5,1.0
4,0.5,1.0
24,0.5416666666666666,0.9166666666666666
168,0.48214285714285715,0.8928571428571429
4,0.625,0.75
12,0.5,1.0
4,0.5,1.0
36,0.5,0.8888888888888888
324,0.49537037037037035,0.9104938271604939
38,0.5131578947368421,0.9210526315789473
4,0.5,1.0
12,0.4166666666666667,0.8333333333333334
4,0.5,1.0
4,0.5,1.0
8,0.5625,0.875
88,0.5056818181818182,0.8977272727272727
4,0.5,1.0
29,0.4482758620689655,0.896551724137931
8,0.5,1.0
4,0.5,1.0
8,0.5,1.0
27,0.48148148148148145,0.9629629629629629
8,0.5,1.0
8,0.5625,0.875
28,0.4642857142857143,0.9285714285714286
4,0.5,1.0
4,0.5,1.0
4,0.5,1.0
8,0.375,0.75
44,0.5,0.9090909090909091
12,0.5416666666666666,0.9166666666666666
4,0.375,0.75
62,0.47580645161290325,0.9516129032258065
288,0.4774305555555556,0.8993055555555556
6,0.3333333333333333,0.6666666666666666
8,0.4375,0.875
261,0.4827586206896552,0.8735632183908046
8,0.5,1.0
204,0.5147058823529411,0.8823529411764706
4,0.5,1.0
8,0.5,1.0
8,0.4375,0.875
4,0.5,1.0
458,0.49344978165938863,0.9170305676855895
21,0.5,0.9047619047619048
404,0.5074257425742574,0.905940594059406
8,0.4375,0.875
4,0.625,0.75
4,0.5,1.0
4,0.625,0.75
332,0.5271084337349398,0.891566265060241
4,0.5,1.0
333,0.5075075075075075,0.8948948948948949
12,0.4583333333333333,0.9166666666666666
1,0.0,0.0
479,0.4989561586638831,0.8851774530271399
4,0.5,1.0
112,0.5133928571428571,0.9375
4,0.5,1.0
100,0.485,0.89
16,0.4375,0.875
8,0.4375,0.875
24,0.5,1.0
374,0.4732620320855615,0.8770053475935828
12,0.5,0.8333333333333334
4,0.5,1.0
4,0.375,0.75
28,0.5,0.8571428571428571
6,0.5833333333333334,0.8333333333333334
64,0.4921875,0.921875
4,0.375,0.75
4,0.625,0.75
252,0.5059523809523809,0.9166666666666666
289,0.5034602076124568,0.8823529411764706
4,0.375,0.75
4,0.375,0.75
16,0.5625,0.75
4,0.5,1.0
100,0.46,0.68
4,0.5,1.0
72,0.4652777777777778,0.9305555555555556
4,0.375,0.75
4,0.375,0.75
40,0.5,0.85
52,0.4807692307692308,0.9230769230769231
8,0.5,1.0
8,0.5,1.0
4,0.5,1.0
4,0.375,0.75
12,0.4166666666666667,0.8333333333333334
48,0.4895833333333333,0.9375
4,0.5,1.0
12,0.5416666666666666,0.9166666666666666
4,0.5,1.0
8,0.5,1.0
8,0.5,1.0
4,0.5,1.0
376,0.49867021276595747,0.9122340425531915
268,0.4944029850746269,0.9067164179104478
39,0.47435897435897434,0.9487179487179487
28,0.5,0.9285714285714286
1,0.5,1.0
8,0.4375,0.875
8,0.5,1.0
1,0.0,0.0
39,0.38461538461538464,0.6153846153846154
4,0.5,1.0
84,0.5238095238095238,0.9523809523809523
4,0.5,1.0
4,0.375,0.75
8,0.5,1.0
356,0.5084269662921348,0.9157303370786517
12,0.5416666666666666,0.9166666666666666
4,0.625,0.75
4,0.5,1.0
96,0.4895833333333333,0.9166666666666666
2,0.5,1.0
8,0.5,0.75
4,0.5,1.0
4,0.5,1.0
15,0.5666666666666667,0.8666666666666667
366,0.5,0.8797814207650273
429,0.5116550116550117,0.8787878787878788
4,0.625,0.75
8,0.5,1.0
32,0.4375,0.875
301,0.47674418604651164,0.8737541528239202
4,0.375,0.75
254,0.5196850393700787,0.84251968503937
4,0.625,0.75
40,0.525,0.95
8,0.5,1.0
232,0.5172413793103449,0.8706896551724138
100,0.51,0.88
224,0.49776785714285715,0.9151785714285714
4,0.5,1.0
32,0.53125,0.875
8,0.4375,0.875
28,0.5178571428571429,0.8928571428571429
4,0.5,1.0
4,0.625,0.75
88,0.4772727272727273,0.9090909090909091
4,0.625,0.75
4,0.5,1.0
4,0.5,1.0
4,0.5,1.0
7,0.5,1.0
16,0.4375,0.875
4,0.5,1.0
12,0.5416666666666666,0.9166666666666666
339,0.4941002949852507,0.8997050147492626
20,0.475,0.95
483,0.4906832298136646,0.8861283643892339
8,0.5,1.0
8,0.5,1.0
4,0.5,1.0
123,0.5203252032520326,0.9105691056910569
4,0.375,0.75
8,0.5625,0.875
4,0.5,1.0
80,0.54375,0.8625
6,0.5,1.0
188,0.5372340425531915,0.8723404255319149
20,0.475,0.95
20,0.525,0.85
264,0.4772727272727273,0.9015151515151515
8,0.5625,0.875
4,0.5,1.0
4,0.5,1.0
56,0.5267857142857143,0.9464285714285714
16,0.53125,0.8125
64,0.4921875,0.796875
4,0.5,1.0
8,0.4375,0.875
8,0.5625,0.875
36,0.5138888888888888,0.9166666666666666
16,0.5,0.875
293,0.5051194539249146,0.8395904436860068
4,0.5,1.0
36,0.5138888888888888,0.9166666666666666
84,0.5119047619047619,0.9285714285714286
4,0.5,1.0
8,0.4375,0.875
4,0.5,1.0
4,0.625,0.75
32,0.5,0.9375
4,0.5,1.0
8,0.5,1.0
16,0.46875,0.9375
4,0.5,1.0
8,0.5,1.0
4,0.5,1.0
4,0.5,1.0
4,0.5,1.0
1,0.5,1.0
4,0.375,0.75
4,0.375,0.75
4,0.5,1.0
372,0.5161290322580645,0.9032258064516129
36,0.5,0.8888888888888888
76,0.4934210526315789,0.9342105263157895
4,0.375,0.75
1,1.0,0.0
167,0.48502994011976047,0.9221556886227545
396,0.47853535353535354,0.9065656565656566
16,0.53125,0.8125
8,0.5,1.0
8,0.5,1.0
4,0.5,1.0
383,0.49869451697127937,0.9190600522193212
4,0.5,1.0
4,0.5,1.0
4,0.5,1.0
5,0.6,0.8
8,0.5,1.0
32,0.484375,0.96875
4,0.5,1.0
4,0.375,0.75
16,0.46875,0.9375
12,0.4583333333333333,0.9166666666666666
100,0.475,0.93
4,0.5,1.0
188,0.5106382978723404,0.8829787234042553
4,0.375,0.75
48,0.46875,0.8541666666666666
4,0.5,1.0
4,0.375,0.75
244,0.48770491803278687,0.9098360655737705
104,0.4807692307692308,0.9423076923076923
4,0.5,1.0
7,0.5,1.0
4,0.375,0.75
1,0.5,1.0
30,0.48333333333333334,0.9666666666666667
268,0.5354477611940298,0.8768656716417911
4,0.5,1.0
4,0.5,1.0
56,0.5,0.9642857142857143
20,0.475,0.85
16,0.5,0.875
8,0.5,1.0
4,0.5,1.0
33,0.5151515151515151,0.9090909090909091
4,0.625,0.75
4,0.5,1.0
4,0.375,0.75
4,0.5,1.0
288,0.4895833333333333,0.8819444444444444
4,0.375,0.75
4,0.375,0.75
8,0.5,1.0
4,0.5,1.0
4,0.375,0.75
4,0.5,1.0
8,0.5,1.0
292,0.5291095890410958,0.8938356164383562
4,0.375,0.75
59,0.4830508474576271,0.559322033898305
4,0.5,1.0
36,0.4861111111111111,0.8611111111111112
8,0.5625,0.875
16,0.5,1.0
412,0.49271844660194175,0.8932038834951457
8,0.5,1.0
24,0.5,0.9166666666666666
320,0.4890625,0.903125
8,0.4375,0.875
4,0.625,0.75
4,0.5,1.0
4,0.5,1.0
8,0.5,1.0
1,0.0,0.0
8,0.5625,0.875
4,0.5,1.0
140,0.5071428571428571,0.9
198,0.494949494949495,0.9292929292929293
4,0.375,0.75
4,0.625,0.75
47,0.4787234042553192,0.9574468085106383
2,0.25,0.5
8,0.5,1.0
8,0.5,1.0
468,0.5074786324786325,0.8739316239316239
4,0.375,0.75
4,0.5,1.0
4,0.5,1.0
4,0.5,1.0
4,0.625,0.75
36,0.5138888888888888,0.9722222222222222
4,0.5,1.0
4,0.375,0.75
32,0.46875,0.9375
8,0.4375,0.875
32,0.53125,0.875
16,0.46875,0.9375
8,0.5625,0.875
101,0.5,1.0
289,0.5207612456747405,0.889273356401384
4,0.5,1.0
16,0.46875,0.9375
8,0.5,1.0
4,0.625,0.75
4,0.5,1.0
4,0.5,1.0
8,0.5625,0.875
24,0.5416666666666666,0.9166666666666666
245,0.4816326530612245,0.8979591836734694
12,0.5833333333333334,0.8333333333333334
8,0.5,1.0
4,0.5,1.0
16,0.53125,0.8125
4,0.5,1.0
40,0.475,0.9
35,0.5428571428571428,0.8571428571428571
35,0.4857142857142857,0.9142857142857143
4,0.5,1.0
4,0.5,1.0
64,0.5078125,0.921875
8,0.5,1.0
6,0.5,1.0
4,0.375,0.75
492,0.4959349593495935,0.8983739837398373
60,0.5083333333333333,0.95
138,0.4891304347826087,0.8768115942028986
4,0.625,0.75
28,0.48214285714285715,0.8928571428571429
3,0.3333333333333333,0.6666666666666666
4,0.5,1.0
268,0.4925373134328358,0.8955223880597015
4,0.625,0.75
372,0.4946236559139785,0.9354838709677419
4,0.5,1.0
80,0.49375,0.9125
52,0.4423076923076923,0.8846153846153846
188,0.5079787234042553,0.8670212765957447
40,0.525,0.85
4,0.375,0.75
4,0.5,1.0
8,0.5625,0.875
1,0.5,1.0
391,0.5191815856777494,0.9207161125319693
8,0.5625,0.875
4,0.5,1.0
4,0.5,1.0
4,0.5,1.0
28,0.44642857142857145,0.8928571428571429
308,0.5032467532467533,0.8961038961038961
8,0.5625,0.875
8,0.5,1.0
8,0.4375,0.875
38,0.4605263157894737,0.9210526315789473
111,0.4774774774774775,0.954954954954955
4,0.5,1.0
4,0.625,0.75
8,0.5,1.0
16,0.46875,0.9375
72,0.5486111111111112,0.9027777777777778
4,0.5,1.0
20,0.5,1.0
4,0.375,0.75
8,0.5625,0.875
355,0.49014084507042255,0.895774647887324
64,0.5078125,0.953125
4,0.5,1.0
159,0.5031446540880503,0.9433962264150944
134,0.48134328358208955,0.917910447761194
280,0.5178571428571429,0.9
4,0.625,0.75
68,0.49264705882352944,0.8382352941176471
4,0.5,1.0
4,0.625,0.75
4,0.5,1.0
44,0.5,0.9545454545454546
24,0.4791666666666667,0.875
12,0.4583333333333333,0.75
332,0.5075301204819277,0.9246987951807228
4,0.5,1.0
44,0.5340909090909091,0.8409090909090909
357,0.5,0.8991596638655462
2,0.75,0.5
4,0.625,0.75
6,0.5,0.6666666666666666
44,0.4772727272727273,0.9090909090909091
4,0.625,0.75
20,0.5,1.0
4,0.5,1.0
12,0.4583333333333333,0.9166666666666666
4,0.5,1.0
4,0.5,1.0
84,0.5,0.8571428571428571
4,0.375,0.75
35,0.45714285714285713,0.9142857142857143
212,0.5047169811320755,0.8962264150943396
4,0.5,1.0
4,0.5,1.0
8,0.4375,0.875
8,0.5,1.0
4,0.375,0.75
4,0.375,0.75
23,0.5,0.4782608695652174
16,0.5,0.875
4,0.625,0.75
24,0.4166666666666667,0.8333333333333334
4,0.5,1.0
4,0.375,0.75
290,0.4896551724137931,0.9103448275862069
28,0.5357142857142857,0.9285714285714286
80,0.50625,0.9875
16,0.4375,0.875
4,0.375,0.75
356,0.48314606741573035,0.9269662921348315
101,0.4752475247524752,0.9504950495049505
44,0.4659090909090909,0.9318181818181818
8,0.5,0.75
58,0.46551724137931033,0.9310344827586207
3,0.5,1.0
12,0.5,1.0
4,0.5,1.0
4,0.5,1.0
8,0.375,0.75
16,0.5625,0.875
4,0.5,1.0
40,0.4875,0.875
401,0.5024937655860349,0.8902743142144638
4,0.5,1.0
2,0.25,0.5
8,0.4375,0.875
39,0.5256410256410257,0.9487179487179487
4,0.5,1.0
8,0.375,0.75
4,0.5,1.0
8,0.5,1.0
8,0.4375,0.875
12,0.5416666666666666,0.9166666666666666
12,0.5,1.0
381,0.5078740157480315,0.910761154855643
4,0.5,1.0
4,0.5,1.0
20,0.475,0.95
8,0.5,1.0
20,0.525,0.85
4,0.625,0.75
285,0.49122807017543857,0.8842105263157894
4,0.5,1.0
4,0.5,1.0
69,0.463768115942029,0.927536231884058
5,0.5,0.6
5,0.4,0.4
4,0.5,1.0
303,0.5148514851485149,0.8976897689768977
2,0.5,1.0
294,0.47278911564625853,0.891156462585034
44,0.5113636363636364,0.9318181818181818
392,0.5267857142857143,0.9158163265306123
368,0.48097826086956524,0.907608695652174
3,0.6666666666666666,0.6666666666666666
16,0.5,1.0
8,0.5,1.0
24,0.5416666666666666,0.8333333333333334
36,0.5,0.8888888888888888
16,0.5,1.0
4,0.5,1.0
4,0.375,0.75
28,0.5357142857142857,0.8571428571428571
20,0.5,0.9
4,0.625,0.75
40,0.4875,0.925
12,0.5,1.0
232,0.47844827586206895,0.9224137931034483
2,0.5,1.0
4,0.625,0.75
212,0.5,0.8962264150943396
4,0.5,1.0
4,0.5,1.0
32,0.484375,0.84375
172,0.4941860465116279,0.9418604651162791
12,0.5416666666666666,0.9166666666666666
1,0.0,0.0
4,0.5,1.0
4,0.5,1.0
4,0.375,0.75
4,0.5,1.0
39,0.47435897435897434,0.8974358974358975
3,0.3333333333333333,0.6666666666666666
4,0.5,1.0
4,0.5,1.0
12,0.5,0.8333333333333334
4,0.375,0.75
4,0.625,0.75
12,0.4583333333333333,0.9166666666666666
400,0.51625,0.9075
115,0.5217391304347826,0.9217391304347826
4,0.375,0.75
4,0.625,0.75
28,0.48214285714285715,0.9642857142857143
12,0.5,1.0
362,0.48756906077348067,0.8867403314917127
1,0.0,0.0
32,0.5625,0.875
4,0.5,1.0
4,0.375,0.75
8,0.5,1.0
347,0.5072046109510087,0.8703170028818443
11,0.5909090909090909,0.8181818181818182
4,0.375,0.75
8,0.5,1.0
8,0.5,1.0
4,0.5,1.0
4,0.5,1.0
8,0.4375,0.875
64,0.484375,0.9375
12,0.4583333333333333,0.9166666666666666
4,0.5,1.0
64,0.4921875,0.890625
48,0.5104166666666666,0.9375
8,0.4375,0.875
44,0.5,0.9090909090909091
8,0.5,0.75
48,0.46875,0.9375
4,0.375,0.75
4,0.5,1.0
8,0.4375,0.875
8,0.5,0.75
184,0.5054347826086957,0.6521739130434783
304,0.4819078947368421,0.9111842105263158
4,0.375,0.75
8,0.5,1.0
8,0.5,1.0
4,0.5,1.0
538,0.5343866171003717,0.9014869888475836
4,0.375,0.75
246,0.5,0.9024390243902439
28,0.4642857142857143,0.9285714285714286
4,0.375,0.75
4,0.5,1.0
256,0.513671875,0.91796875
250,0.438,0.844
16,0.5,0.875
24,0.4791666666666667,0.9583333333333334
4,0.5,1.0
4,0.5,1.0
8,0.5625,0.875
260,0.48846153846153845,0.9076923076923077
8,0.4375,0.875
4,0.375,0.75
342,0.5,0.9122807017543859
4,0.375,0.75
4,0.625,0.75
4,0.5,1.0
44,0.5113636363636364,0.9772727272727273
4,0.5,1.0
12,0.375,0.75
32,0.53125,0.9375
4,0.5,1.0
6,0.5833333333333334,0.8333333333333334
8,0.5,0.75
20,0.55,0.9
4,0.375,0.75
51,0.47058823529411764,0.8627450980392157
40,0.475,0.9
46,0.4673913043478261,0.8913043478260869
4,0.625,0.75
4,0.5,1.0
4,0.5,1.0
351,0.5256410256410257,0.886039886039886
4,0.375,0.75
4,0.375,0.75
4,0.5,1.0
44,0.48863636363636365,0.8409090909090909
4,0.5,1.0
228,0.5109649122807017,0.8991228070175439
28,0.5178571428571429,0.8928571428571429
4,0.5,1.0
76,0.5394736842105263,0.8947368421052632
8,0.375,0.75
8,0.5,1.0
368,0.5230978260869565,0.8831521739130435
12,0.5416666666666666,0.9166666666666666
16,0.5,1.0
8,0.4375,0.875
12,0.5416666666666666,0.9166666666666666
500,0.494,0.892
4,0.5,1.0
8,0.375,0.75
4,0.375,0.75
8,0.5,1.0
4,0.5,1.0
4,0.625,0.75
4,0.625,0.75
8,0.375,0.75
2,0.5,1.0
48,0.53125,0.8958333333333334
32,0.5,0.9375
8,0.5,1.0
198,0.5050505050505051,0.898989898989899
52,0.46153846153846156,0.8846153846153846
131,0.4389312977099237,0.648854961832061
88,0.5170454545454546,0.9204545454545454
182,0.47802197802197804,0.8571428571428571
4,0.5,1.0
16,0.4375,0.875
4,0.5,1.0
32,0.46875,0.9375
388,0.48195876288659795,0.9123711340206185
28,0.5178571428571429,0.8214285714285714
4,0.5,1.0
3,0.3333333333333333,0.6666666666666666
16,0.46875,0.9375
3,0.5,1.0
8,0.4375,0.875
4,0.5,1.0
19,0.5263157894736842,0.9473684210526315
4,0.625,0.75
4,0.5,1.0
4,0.625,0.75
28,0.4642857142857143,0.9285714285714286
4,0.5,1.0
8,0.5,1.0
56,0.5267857142857143,0.9464285714285714
84,0.47023809523809523,0.8928571428571429
80,0.5,0.95
12,0.5,0.8333333333333334
4,0.5,1.0
12,0.5,1.0
344,0.5188953488372093,0.8866279069767442
4,0.5,1.0
4,0.5,1.0
16,0.5,0.875
8,0.5,1.0
267,0.5074906367041199,0.9026217228464419
12,0.5416666666666666,0.9166666666666666
4,0.5,1.0
9,0.3888888888888889,0.7777777777777778
24,0.5,0.9166666666666666
4,0.5,1.0
280,0.5303571428571429,0.875
368,0.5271739130434783,0.9130434782608695
4,0.625,0.75
4,0.5,1.0
20,0.55,0.9
4,0.5,1.0
8,0.4375,0.875
4,0.5,1.0
4,0.375,0.75
4,0.5,1.0
52,0.5,0.9230769230769231
52,0.47115384615384615,0.9423076923076923
12,0.4583333333333333,0.9166666666666666
12,0.5,1.0
4,0.625,0.75
8,0.5,1.0
60,0.48333333333333334,0.9333333333333333
32,0.515625,0.90625
28,0.5178571428571429,0.9642857142857143
8,0.5,1.0
16,0.5,1.0
20,0.45,0.9
32,0.5,0.9375
4,0.5,1.0
5,0.6,0.8
28,0.5,0.8571428571428571
11,0.5,0.8181818181818182
52,0.5192307692307693,0.9230769230769231
12,0.4583333333333333,0.9166666666666666
4,0.625,0.75
4,0.5,1.0
4,0.625,0.75
80,0.525,0.9
40,0.5375,0.875
1,0.5,1.0
8,0.4375,0.875
4,0.375,0.75
380,0.5144736842105263,0.8973684210526316
63,0.5238095238095238,0.8888888888888888
4,0.5,1.0
12,0.4166666666666667,0.8333333333333334
4,0.5,1.0
4,0.375,0.75
230,0.45869565217391306,0.8478260869565217
388,0.49226804123711343,0.9020618556701031
11,0.5,1.0
4,0.5,1.0
24,0.5,0.8333333333333334
12,0.5416666666666666,0.9166666666666666
4,0.5,1.0
72,0.4791666666666667,0.9027777777777778
43,0.5,0.9069767441860465
40,0.5125,0.875
4,0.625,0.75
52,0.5096153846153846,0.9423076923076923
4,0.5,1.0
4,0.5,1.0
4,0.5,1.0
323,0.5263157894736842,0.8978328173374613
4,0.375,0.75
139,0.5179856115107914,0.6762589928057554
204,0.49754901960784315,0.8970588235294118
4,0.375,0.75
4,0.375,0.75
56,0.48214285714285715,0.8928571428571429
86,0.47674418604651164,0.9069767441860465
192,0.4947916666666667,0.8854166666666666
56,0.5357142857142857,0.8571428571428571
4,0.5,1.0
8,0.5,1.0
8,0.5,1.0
4,0.5,1.0
8,0.5,1.0
4,0.375,0.75
4,0.5,1.0
4,0.5,1.0
252,0.5396825396825397,0.8492063492063492
8,0.5,1.0
4,0.375,0.75
4,0.5,1.0
4,0.5,1.0
4,0.5,1.0
4,0.625,0.75
16,0.46875,0.8125
72,0.5138888888888888,0.9444444444444444
20,0.525,0.95
4,0.625,0.75
29,0.5,0.9310344827586207
4,0.5,1.0
64,0.5234375,0.953125
8,0.5,1.0
308,0.5048701298701299,0.8863636363636364
139,0.49280575539568344,0.9280575539568345
12,0.4583333333333333,0.9166666666666666
4,0.625,0.75
143,0.479020979020979,0.9440559440559441
28,0.5,0.9285714285714286
59,0.4915254237288136,0.9491525423728814
4,0.5,1.0
8,0.5,1.0
317,0.5252365930599369,0.8548895899053628
2,0.25,0.5
7,0.42857142857142855,0.2857142857142857
8,0.4375,0.875
115,0.46956521739130436,0.9391304347826087
4,0.375,0.75
11,0.4090909090909091,0.8181818181818182
20,0.575,0.85
4,0.375,0.75
35,0.5,0.9428571428571428
36,0.4861111111111111,0.9166666666666666
7,0.5,1.0
60,0.4583333333333333,0.9166666666666666
8,0.5625,0.875
8,0.5625,0.875
4,0.625,0.75
12,0.4583333333333333,0.9166666666666666
416,0.5048076923076923,0.9086538461538461
12,0.4583333333333333,0.9166666666666666
4,0.625,0.75
4,0.375,0.75
2,0.5,1.0
276,0.5253623188405797,0.8768115942028986
8,0.4375,0.875
4,0.5,1.0
248,0.5161290322580645,0.9112903225806451
16,0.5,1.0
45,0.5,0.9111111111111111
12,0.5,0.8333333333333334
8,0.5,0.75
12,0.5416666666666666,0.9166666666666666
20,0.475,0.95
118,0.4872881355932203,0.8389830508474576
4,0.5,1.0
8,0.5,1.0
4,0.5,1.0
8,0.5625,0.875
4,0.5,1.0
357,0.5196078431372549,0.9103641456582633
12,0.5,0.8333333333333334
210,0.5023809523809524,0.8904761904761904
77,0.45454545454545453,0.8571428571428571
128,0.51171875,0.8984375
4,0.5,1.0
427,0.5281030444964872,0.8641686182669789
4,0.5,1.0
20,0.475,0.95
415,0.4867469879518072,0.8963855421686747
48,0.4895833333333333,0.9375
8,0.5,1.0
12,0.5,1.0
4,0.375,0.75
4,0.5,1.0
16,0.5,1.0
24,0.5,1.0
40,0.5,1.0
20,0.525,0.95
16,0.46875,0.9375
56,0.5089285714285714,0.9464285714285714
44,0.48863636363636365,0.8863636363636364
8,0.375,0.75
32,0.515625,0.96875
8,0.5,1.0
4,0.5,1.0
228,0.4780701754385965,0.6491228070175439
4,0.5,1.0
8,0.4375,0.875
447,0.5134228187919463,0.9149888143176734
4,0.625,0.75
4,0.5,1.0
36,0.4722222222222222,0.9444444444444444
2,0.25,0.5
8,0.5,1.0
39,0.48717948717948717,0.9230769230769231
424,0.5094339622641509,0.8867924528301887
10,0.4,0.6
8,0.5,0.75
4,0.375,0.75
16,0.5,1.0
156,0.42628205128205127,0.5961538461538461
4,0.5,1.0
8,0.4375,0.875
16,0.46875,0.9375
2,0.25,0.5
8,0.375,0.75
8,0.5625,0.875
5,0.5,1.0
4,0.375,0.75
4,0.375,0.75
336,0.4791666666666667,0.8928571428571429
32,0.515625,0.90625
4,0.375,0.75
16,0.5,1.0
80,0.5125,0.875
363,0.5165289256198347,0.9228650137741047
4,0.5,1.0
4,0.5,1.0
375,0.492,0.8986666666666666
4,0.625,0.75
8,0.5,1.0
44,0.48863636363636365,0.9772727272727273
4,0.625,0.75
16,0.4375,0.875
8,0.4375,0.875
4,0.5,1.0
4,0.625,0.75
8,0.5625,0.875
1,0.5,1.0
8,0.4375,0.875
109,0.4724770642201835,0.926605504587156
40,0.5,1.0
32,0.5,0.9375
68,0.5147058823529411,0.9117647058823529
76,0.4473684210526316,0.5526315789473685
4,0.375,0.75
40,0.4625,0.875
60,0.49166666666666664,0.9166666666666666
28,0.48214285714285715,0.8928571428571429
4,0.5,1.0
4,0.625,0.75
216,0.4837962962962963,0.8657407407407407
8,0.375,0.75
8,0.5,0.75
16,0.5,0.875
4,0.375,0.75
16,0.40625,0.8125
4,0.5,1.0
280,0.4767857142857143,0.9107142857142857
153,0.5,0.9215686274509803
4,0.5,1.0
236,0.5190677966101694,0.8940677966101694
4,0.375,0.75
200,0.5225,0.875
300,0.49333333333333335,0.8866666666666667
16,0.5,1.0
16,0.53125,0.9375
4,0.5,1.0
20,0.5,1.0
4,0.5,1.0
4,0.375,0.75
20,0.475,0.85
12,0.4583333333333333,0.9166666666666666
396,0.48863636363636365,0.8914141414141414
8,0.5625,0.875
109,0.5,0.926605504587156
22,0.5,1.0
8,0.4375,0.875
8,0.5625,0.875
8,0.5,1.0
24,0.4791666666666667,0.875
4,0.375,0.75
44,0.5340909090909091,0.8863636363636364
8,0.4375,0.875
8,0.4375,0.875
4,0.5,1.0
12,0.5833333333333334,0.8333333333333334
4,0.375,0.75
20,0.45,0.9
276,0.5126811594202898,0.9166666666666666
4,0.375,0.75
4,0.375,0.75
4,0.5,1.0
4,0.375,0.75
28,0.48214285714285715,0.8928571428571429
2,0.25,0.5
1,0.5,1.0
3,0.5,1.0
16,0.46875,0.8125
4,0.5,1.0
4,0.375,0.75
28,0.5,0.9285714285714286
16,0.46875,0.9375
4,0.5,1.0
4,0.5,1.0
8,0.4375,0.875
448,0.5089285714285714,0.8928571428571429
4,0.5,1.0
40,0.5125,0.975
3,0.3333333333333333,0.6666666666666666
7,0.35714285714285715,0.7142857142857143
28,0.5,0.9285714285714286
335,0.5208955223880597,0.8805970149253731
4,0.5,1.0
16,0.53125,0.9375
356,0.5098314606741573,0.901685393258427
4,0.5,1.0
3,0.6666666666666666,0.6666666666666666
8,0.4375,0.875
16,0.53125,0.9375
16,0.53125,0.9375
4,0.375,0.75
4,0.5,1.0
4,0.625,0.75
132,0.49242424242424243,0.9242424242424242
4,0.5,1.0
4,0.5,1.0
124,0.5040322580645161,0.8951612903225806
4,0.5,1.0
268,0.5149253731343284,0.8955223880597015
40,0.525,0.95
69,0.45652173913043476,0.855072463768116
4,0.375,0.75
4,0.5,1.0
8,0.5,1.0
4,0.5,1.0
16,0.46875,0.9375
180,0.48055555555555557,0.85
16,0.4375,0.875
1,1.0,0.0
4,0.5,1.0
28,0.5178571428571429,0.9642857142857143
16,0.59375,0.8125
421,0.5166270783847982,0.9192399049881235
8,0.4375,0.875
4,0.5,1.0
4,0.5,1.0
4,0.5,1.0
60,0.5166666666666667,0.9333333333333333
7,0.5,1.0
16,0.5,0.875
4,0.5,1.0
409,0.46943765281173594,0.8948655256723717
4,0.5,1.0
48,0.4791666666666667,0.9166666666666666
4,0.5,1.0
4,0.5,1.0
19,0.5263157894736842,0.9473684210526315
20,0.525,0.95
4,0.625,0.75
432,0.5347222222222222,0.8888888888888888
20,0.475,0.95
4,0.375,0.75
4,0.375,0.75
36,0.5138888888888888,0.9722222222222222
26,0.46153846153846156,0.9230769230769231
6,0.5,1.0
4,0.5,1.0
4,0.5,1.0
4,0.5,1.0
7,0.5714285714285714,0.8571428571428571
8,0.5,1.0
4,0.375,0.75
4,0.5,1.0
16,0.5,0.875
5,0.3,0.6
312,0.5176282051282052,0.8685897435897436
405,0.5098765432098765,0.891358024691358
8,0.4375,0.875
20,0.5,0.9
12,0.5,1.0
4,0.5,1.0
4,0.375,0.75
60,0.48333333333333334,0.9
39,0.5512820512820513,0.8461538461538461
16,0.46875,0.9375
37,0.4864864864864865,0.918918918918919
4,0.375,0.75
2,0.5,1.0
340,0.5029411764705882,0.9
20,0.525,0.95
80,0.54375,0.6375
20,0.45,0.9
12,0.4583333333333333,0.9166666666666666
76,0.5,0.8947368421052632
12,0.5,1.0
36,0.5138888888888888,0.9166666666666666
36,0.4722222222222222,0.9444444444444444
8,0.4375,0.875
4,0.5,1.0
4,0.375,0.75
56,0.5357142857142857,0.8928571428571429
4,0.375,0.75
8,0.5625,0.875
427,0.5046838407494145,0.882903981264637
240,0.51875,0.8958333333333334
12,0.5416666666666666,0.9166666666666666
4,0.5,1.0
4,0.5,1.0
68,0.4852941176470588,0.9411764705882353
113,0.5486725663716814,0.584070796460177
15,0.5,0.8666666666666667
4,0.625,0.75
78,0.4935897435897436,0.9871794871794872
4,0.375,0.75
4,0.625,0.75
4,0.5,1.0
362,0.48756906077348067,0.8977900552486188
20,0.45,0.9
100,0.5,0.92
4,0.5,1.0
12,0.5,1.0
20,0.45,0.9
47,0.5,0.9574468085106383
232,0.49353448275862066,0.9094827586206896
3,0.3333333333333333,0.6666666666666666
4,0.5,1.0
8,0.4375,0.875
36,0.5,1.0
4,0.625,0.75
60,0.475,0.9166666666666666
516,0.5145348837209303,0.9205426356589147
3,0.6666666666666666,0.6666666666666666
4,0.5,1.0
24,0.5208333333333334,0.9583333333333334
4,0.375,0.75
4,0.625,0.75
28,0.5,0.7857142857142857
213,0.47183098591549294,0.8403755868544601
4,0.5,1.0
4,0.5,1.0
4,0.5,1.0
4,0.375,0.75
4,0.625,0.75
24,0.5208333333333334,0.9583333333333334
436,0.4896788990825688,0.9059633027522935
20,0.55,0.9
8,0.5625,0.875
12,0.4166666666666667,0.8333333333333334
8,0.5625,0.875
63,0.49206349206349204,0.6984126984126984
12,0.4166666666666667,0.8333333333333334
68,0.5073529411764706,0.8676470588235294
483,0.4886128364389234,0.8819875776397516
8,0.5,1.0
336,0.49107142857142855,0.9226190476190477
16,0.375,0.75
4,0.5,1.0
3,0.5,1.0
4,0.625,0.75
76,0.5197368421052632,0.9605263157894737
292,0.5393835616438356,0.8801369863013698
4,0.5,1.0
4,0.5,1.0
4,0.5,1.0
4,0.5,1.0
36,0.4861111111111111,0.9722222222222222
4,0.5,1.0
4,0.5,1.0
8,0.4375,0.875
4,0.625,0.75
24,0.5208333333333334,0.9583333333333334
4,0.375,0.75
12,0.5,1.0
400,0.5125,0.895
3,0.5,1.0
4,0.5,1.0
8,0.5,0.75
8,0.4375,0.875
4,0.375,0.75
4,0.5,1.0
4,0.5,1.0
7,0.42857142857142855,0.8571428571428571
4,0.5,1.0
56,0.5,0.9642857142857143
20,0.45,0.9
423,0.5059101654846335,0.8983451536643026
79,0.4873417721518987,0.9493670886075949
16,0.5625,0.875
12,0.4583333333333333,0.75
8,0.5625,0.875
264,0.5170454545454546,0.8825757575757576
60,0.475,0.9166666666666666
4,0.5,1.0
4,0.5,1.0
26,0.5576923076923077,0.8846153846153846
3,0.5,1.0
12,0.5416666666666666,0.9166666666666666
78,0.5,0.9230769230769231
304,0.4868421052631579,0.9144736842105263
4,0.5,1.0
8,0.5625,0.875
4,0.375,0.75
4,0.5,1.0
260,0.4807692307692308,0.9076923076923077
4,0.5,1.0
4,0.5,1.0
95,0.5052631578947369,0.9263157894736842
4,0.5,1.0
28,0.5535714285714286,0.8928571428571429
12,0.4166666666666667,0.8333333333333334
19,0.47368421052631576,0.9473684210526315
4,0.5,1.0
28,0.44642857142857145,0.8928571428571429
8,0.4375,0.875
4,0.5,1.0
89,0.5112359550561798,0.9325842696629213
33,0.5303030303030303,0.8787878787878788
12,0.5,1.0
4,0.5,1.0
4,0.625,0.75
139,0.5035971223021583,0.9064748201438849
4,0.375,0.75
8,0.4375,0.875
101,0.46534653465346537,0.8514851485148515
12,0.4583333333333333,0.9166666666666666
333,0.503003003003003,0.8798798798798799
4,0.5,1.0
16,0.53125,0.9375
8,0.4375,0.875
36,0.4861111111111111,0.9166666666666666
32,0.5,0.8125
4,0.5,1.0
4,0.375,0.75
8,0.4375,0.875
44,0.5113636363636364,0.9318181818181818
305,0.5360655737704918,0.8950819672131147
8,0.5,1.0
32,0.5,0.9375
73,0.4726027397260274,0.9452054794520548
4,0.625,0.75
4,0.625,0.75
4,0.5,1.0
4,0.5,1.0
4,0.625,0.75
8,0.5,1.0
181,0.5,0.8674033149171271
4,0.375,0.75
29,0.5,0.9310344827586207
160,0.48125,0.875
40,0.4875,0.925
8,0.375,0.75
18,0.5277777777777778,0.9444444444444444
4,0.375,0.75
4,0.5,1.0
4,0.625,0.75
4,0.5,1.0
8,0.5,1.0
124,0.46774193548387094,0.8870967741935484
4,0.375,0.75
