population,alt,delta,rep,ui_ts_sample_size,ui_ts_time,lcb_sample_size,lcb_time,peak_sample_size,peak_time
point_mass,0.51,0.0,0,340.0,0.5720701217651367,400,0.863055944442749,400.0,2.2780208587646484
point_mass,0.51,0.2,0,400.0,0.584662675857544,333,0.8781533241271973,400.0,2.2851920127868652
point_mass,0.5514,0.0,0,40.0,0.5619287490844727,87,0.8793759346008301,400.0,2.330315113067627
point_mass,0.5514,0.2,0,46.0,0.5657269954681396,86,0.861198902130127,400.0,2.2802932262420654
point_mass,0.5929,0.0,0,23.0,0.5750982761383057,51,0.8656330108642578,194.0,2.303070306777954
point_mass,0.5929,0.2,0,26.0,0.5694148540496826,49,0.8640530109405518,194.0,2.305051803588867
point_mass,0.6343,0.0,0,17.0,0.5646839141845703,37,0.8789768218994141,98.0,2.2902183532714844
point_mass,0.6343,0.2,0,18.0,0.5695827007293701,36,0.8668057918548584,99.0,2.291112184524536
point_mass,0.6757,0.0,0,14.0,0.5579850673675537,29,0.8837001323699951,62.0,2.293353796005249
point_mass,0.6757,0.2,0,14.0,0.5604889392852783,29,0.8668580055236816,62.0,2.2634551525115967
point_mass,0.7171,0.0,0,12.0,0.557913064956665,25,0.874683141708374,43.0,2.2755279541015625
point_mass,0.7171,0.2,0,12.0,0.5661189556121826,24,0.866879940032959,44.0,2.279015302658081
point_mass,0.7586,0.0,0,10.0,0.5524308681488037,22,0.8508422374725342,33.0,2.279201030731201
point_mass,0.7586,0.2,0,11.0,0.5562348365783691,21,0.8573062419891357,33.0,2.293059825897217
point_mass,0.8,0.0,0,10.0,0.5606040954589844,19,0.874748945236206,27.0,2.279710054397583
point_mass,0.8,0.2,0,10.0,0.555401086807251,19,0.8601489067077637,27.0,2.269659996032715
bernoulli,0.6,0.0,0,385.0,1.6307401657104492,487,2.5027740001678467,400.0,6.655129909515381
bernoulli,0.6,0.0,1,747.0,1.619668960571289,1067,2.4937379360198975,1026.0,6.611279010772705
bernoulli,0.6,0.0,2,546.0,1.6108920574188232,711,2.5138187408447266,713.0,6.6432271003723145
bernoulli,0.6,0.0,3,351.0,1.6210169792175293,417,2.474778890609741,379.0,6.592536211013794
bernoulli,0.6,0.0,4,562.0,1.6248927116394043,700,2.502067804336548,632.0,6.6882219314575195
bernoulli,0.6,0.0,5,108.0,1.6350781917572021,464,2.4982552528381348,312.0,6.658863067626953
bernoulli,0.6,0.0,6,503.0,1.6107020378112793,581,2.47196102142334,548.0,6.64575719833374
bernoulli,0.6,0.0,7,276.0,1.6480321884155273,434,2.4890480041503906,484.0,6.596436977386475
bernoulli,0.6,0.0,8,170.0,1.6109952926635742,382,2.4713053703308105,298.0,6.571430206298828
bernoulli,0.6,0.0,9,154.0,1.6113979816436768,184,2.4788448810577393,185.0,6.581331968307495
bernoulli,0.6,0.0,10,347.0,1.6088430881500244,587,2.4952199459075928,359.0,6.586734771728516
bernoulli,0.6,0.0,11,219.0,1.6124799251556396,526,2.4719150066375732,562.0,6.630558967590332
bernoulli,0.6,0.0,12,397.0,1.6245229244232178,538,2.478011131286621,391.0,6.586381912231445
bernoulli,0.6,0.0,13,270.0,1.6124751567840576,420,2.4735169410705566,262.0,6.584454298019409
bernoulli,0.6,0.0,14,495.0,1.612656831741333,583,2.4741599559783936,519.0,6.576421022415161
bernoulli,0.6,0.0,15,144.0,1.608191967010498,789,2.4757678508758545,474.0,6.5662620067596436
bernoulli,0.6,0.0,16,484.0,1.6129238605499268,610,2.479871988296509,601.0,6.592120885848999
bernoulli,0.6,0.0,17,158.0,1.6155979633331299,1078,2.4835422039031982,1175.0,6.581019878387451
bernoulli,0.6,0.0,18,309.0,1.6084060668945312,404,2.476602792739868,401.0,6.577635049819946
bernoulli,0.6,0.0,19,524.0,1.6134231090545654,582,2.4683849811553955,229.0,6.582251071929932
bernoulli,0.6,0.0,20,640.0,1.6098949909210205,921,2.476840019226074,999.0,6.578685998916626
bernoulli,0.6,0.0,21,379.0,1.6110918521881104,433,2.4789819717407227,403.0,6.582242012023926
bernoulli,0.6,0.0,22,424.0,1.6102380752563477,555,2.4692649841308594,639.0,6.575597047805786
bernoulli,0.6,0.0,23,829.0,1.609067678451538,944,2.478637933731079,856.0,6.57158088684082
bernoulli,0.6,0.0,24,96.0,1.6109652519226074,183,2.4933507442474365,167.0,6.575831651687622
bernoulli,0.6,0.0,25,251.0,1.608532190322876,499,2.476048707962036,265.0,6.577591180801392
bernoulli,0.6,0.0,26,441.0,1.6100547313690186,510,2.469775676727295,448.0,6.583126068115234
bernoulli,0.6,0.0,27,62.0,1.6133010387420654,264,2.478363037109375,340.0,6.575299024581909
bernoulli,0.6,0.0,28,543.0,1.6098790168762207,619,2.4833099842071533,654.0,6.636482000350952
bernoulli,0.6,0.0,29,398.0,1.6125588417053223,556,2.4747300148010254,558.0,6.574440956115723
bernoulli,0.6,0.0,30,372.0,1.6101460456848145,983,2.4740941524505615,443.0,6.569196939468384
bernoulli,0.6,0.0,31,268.0,1.6083979606628418,497,2.4731531143188477,473.0,6.570724964141846
bernoulli,0.6,0.0,32,142.0,1.6117010116577148,302,2.47035813331604,298.0,6.577834129333496
bernoulli,0.6,0.0,33,364.0,1.6088907718658447,831,2.481611967086792,905.0,6.566819667816162
bernoulli,0.6,0.0,34,313.0,1.6155612468719482,402,2.47094988822937,441.0,6.567339897155762
bernoulli,0.6,0.0,35,128.0,1.610032081604004,185,2.4681859016418457,175.0,6.608203887939453
bernoulli,0.6,0.0,36,401.0,1.6104960441589355,583,2.4865541458129883,583.0,6.570056915283203
bernoulli,0.6,0.0,37,358.0,1.611375093460083,568,2.4666881561279297,462.0,6.5667641162872314
bernoulli,0.6,0.0,38,469.0,1.6068449020385742,626,2.47658109664917,484.0,6.577203989028931
bernoulli,0.6,0.0,39,12.0,1.6372287273406982,472,2.4834718704223633,346.0,6.584965944290161
bernoulli,0.6,0.0,40,759.0,1.6116368770599365,788,2.4830069541931152,774.0,6.677880048751831
bernoulli,0.6,0.0,41,370.0,1.6248278617858887,816,2.468579053878784,878.0,6.572211980819702
bernoulli,0.6,0.0,42,760.0,1.609158992767334,829,2.50095796585083,784.0,6.582000970840454
bernoulli,0.6,0.0,43,8.0,1.6074068546295166,246,2.475555181503296,230.0,6.610412836074829
bernoulli,0.6,0.0,44,548.0,1.6238231658935547,633,2.479566812515259,610.0,6.580168962478638
bernoulli,0.6,0.0,45,311.0,1.612833023071289,465,2.5310311317443848,461.0,6.637389898300171
bernoulli,0.6,0.0,46,507.0,1.6108448505401611,675,2.4845969676971436,643.0,6.573938846588135
bernoulli,0.6,0.0,47,791.0,1.6590378284454346,1121,2.5327417850494385,1183.0,6.639496088027954
bernoulli,0.6,0.0,48,150.0,1.6115188598632812,473,2.4792230129241943,270.0,6.588369846343994
bernoulli,0.6,0.0,49,704.0,1.6108620166778564,744,2.473499059677124,748.0,6.582127809524536
bernoulli,0.6,0.0,50,153.0,1.6093919277191162,269,2.4705281257629395,267.0,6.676862001419067
bernoulli,0.6,0.0,51,392.0,1.633324146270752,627,2.51515793800354,679.0,6.656753778457642
bernoulli,0.6,0.0,52,622.0,1.633901834487915,676,2.4839820861816406,723.0,6.581774950027466
bernoulli,0.6,0.0,53,292.0,1.606886863708496,405,2.4876630306243896,398.0,6.642425298690796
bernoulli,0.6,0.0,54,720.0,1.6268880367279053,1165,2.500343084335327,874.0,6.647542953491211
bernoulli,0.6,0.0,55,365.0,1.6386680603027344,467,2.513273000717163,471.0,6.662124156951904
bernoulli,0.6,0.0,56,138.0,1.627458095550537,664,2.512251853942871,655.0,6.660392999649048
bernoulli,0.6,0.0,57,481.0,1.6385841369628906,659,2.516578197479248,445.0,6.664147853851318
bernoulli,0.6,0.0,58,322.0,1.6280410289764404,401,2.514798164367676,392.0,6.6541900634765625
bernoulli,0.6,0.0,59,256.0,1.6264021396636963,566,2.515233039855957,489.0,6.660076141357422
bernoulli,0.6,0.0,60,16.0,1.6350290775299072,625,2.496953010559082,98.0,6.557198762893677
bernoulli,0.6,0.0,61,705.0,1.6119208335876465,1161,2.4692599773406982,1010.0,6.5672876834869385
bernoulli,0.6,0.0,62,355.0,1.6422977447509766,381,2.4848501682281494,372.0,6.5837602615356445
bernoulli,0.6,0.0,63,393.0,1.608766794204712,624,2.4781699180603027,447.0,6.907183885574341
bernoulli,0.6,0.0,64,234.0,1.7032780647277832,504,2.6106338500976562,250.0,6.932405948638916
bernoulli,0.6,0.0,65,329.0,1.691331148147583,482,2.6320741176605225,475.0,6.84181022644043
bernoulli,0.6,0.0,66,428.0,1.6743459701538086,484,2.6022019386291504,485.0,6.7831337451934814
bernoulli,0.6,0.0,67,216.0,1.6259450912475586,322,2.5152461528778076,329.0,6.5920491218566895
bernoulli,0.6,0.0,68,779.0,1.607994794845581,933,2.474808692932129,978.0,6.565212726593018
bernoulli,0.6,0.0,69,231.0,1.61655592918396,386,2.4926371574401855,151.0,6.583131790161133
bernoulli,0.6,0.0,70,582.0,1.6093740463256836,731,2.493058681488037,742.0,6.589224815368652
bernoulli,0.6,0.0,71,551.0,1.602074146270752,741,2.4657821655273438,713.0,6.572849750518799
bernoulli,0.6,0.0,72,8.0,1.6033461093902588,713,2.4698708057403564,633.0,6.571808099746704
bernoulli,0.6,0.0,73,48.0,1.603365182876587,644,2.4771459102630615,654.0,6.581449031829834
bernoulli,0.6,0.0,74,8.0,1.6079230308532715,797,2.477775812149048,251.0,6.57122278213501
bernoulli,0.6,0.0,75,444.0,1.6067008972167969,620,2.468857765197754,575.0,6.57053017616272
bernoulli,0.6,0.0,76,43.0,1.603621244430542,63,2.4785659313201904,52.0,6.573864936828613
bernoulli,0.6,0.0,77,345.0,1.6194748878479004,394,2.4718499183654785,395.0,6.562278985977173
bernoulli,0.6,0.0,78,420.0,1.6061499118804932,678,2.4708919525146484,727.0,6.572530746459961
bernoulli,0.6,0.0,79,153.0,1.601881742477417,227,2.4725677967071533,204.0,6.570264101028442
bernoulli,0.6,0.0,80,641.0,1.6092169284820557,920,2.4721248149871826,967.0,6.566344976425171
bernoulli,0.6,0.0,81,616.0,1.6012380123138428,872,2.472346305847168,775.0,6.564061880111694
bernoulli,0.6,0.0,82,126.0,1.6194109916687012,145,2.475604295730591,130.0,6.575573921203613
bernoulli,0.6,0.0,83,225.0,1.6035740375518799,409,2.4760661125183105,242.0,6.584815263748169
bernoulli,0.6,0.0,84,874.0,1.6035587787628174,1200,2.485700845718384,876.0,6.585917949676514
bernoulli,0.6,0.0,85,528.0,1.6041197776794434,1019,2.85585618019104,1036.0,6.570560932159424
bernoulli,0.6,0.0,86,304.0,1.6125268936157227,460,2.4853951930999756,453.0,6.60733699798584
bernoulli,0.6,0.0,87,829.0,1.6102960109710693,967,2.58011794090271,972.0,6.574427127838135
bernoulli,0.6,0.0,88,474.0,1.6153059005737305,721,2.480462074279785,607.0,6.575134992599487
bernoulli,0.6,0.0,89,324.0,1.604835033416748,545,2.4742841720581055,348.0,6.566057920455933
bernoulli,0.6,0.0,90,538.0,1.6066622734069824,763,2.4970650672912598,482.0,6.662105083465576
bernoulli,0.6,0.0,91,479.0,1.6321742534637451,527,2.5232949256896973,530.0,6.675923109054565
bernoulli,0.6,0.0,92,878.0,1.6232633590698242,1200,2.5052590370178223,1029.0,6.682541131973267
bernoulli,0.6,0.0,93,893.0,1.6393780708312988,1059,2.538494825363159,1028.0,6.704112768173218
bernoulli,0.6,0.0,94,411.0,1.6384429931640625,816,2.53983998298645,437.0,6.684669017791748
bernoulli,0.6,0.0,95,242.0,1.6503698825836182,372,2.539975881576538,372.0,6.700940132141113
bernoulli,0.6,0.0,96,625.0,1.6426410675048828,912,2.54066801071167,791.0,6.704240798950195
bernoulli,0.6,0.0,97,431.0,1.6465768814086914,679,2.532862901687622,739.0,6.7055909633636475
bernoulli,0.6,0.0,98,731.0,1.6821269989013672,788,2.543919801712036,760.0,6.736192226409912
bernoulli,0.6,0.0,99,206.0,1.6474311351776123,601,2.5400311946868896,668.0,6.720046043395996
